image_path,shape_area,shape_perimeter,shape_circularity,shape_eccentricity,shape_solidity,shape_extent,hu_1,hu_2,hu_3,hu_4,hu_5,hu_6,hu_7,rgb_r_mean,rgb_r_std,rgb_g_mean,rgb_g_std,rgb_b_mean,rgb_b_std,hsv_h_mean,hsv_h_std,hsv_s_mean,hsv_s_std,hsv_v_mean,hsv_v_std,glcm_contrast,glcm_homogeneity,glcm_energy,glcm_correlation,lbp_bin_0,lbp_bin_1,lbp_bin_2,lbp_bin_3,lbp_bin_4,lbp_bin_5,lbp_bin_6,lbp_bin_7,lbp_bin_8,lbp_bin_9,split,original_class
data/processed/train/fresh/freshapples_8ce122d5a898.png,31296.0,730.5411927700043,0.7369012248418749,0.2782374217347935,0.9595584853594972,0.7946777715707684,-0.789787315024267,-4.369683077667166,-3.7893338800283844,-6.912638921488611,11.848305102866046,9.939120160516927,11.8697982697074,166.55943251533742,29.18329761872219,178.83390848670757,28.67890686349957,83.7048504601227,41.94816948691962,33.789941206543965,4.059741565840118,138.9836400817996,42.53337421998285,178.88640720858896,28.681723618622055,0.7204899793503003,0.9326051800672387,0.46988671334091164,0.9145469742545319,0.021823875255623723,0.040388548057259714,0.024444018404907977,0.11317740286298568,0.25495270961145194,0.25127811860940696,0.08796651329243353,0.057387525562372185,0.07783742331288343,0.07074386503067484,train,freshapples
data/processed/train/rotten/rottenbanana_c39bd4166581.png,18325.0,772.2051858901978,0.3861787918793408,0.9224181222860668,0.6793579002001928,0.36699911880157016,-0.4695411933322871,-1.2001205978628815,-1.9498040662694647,-2.6665111484200796,-5.685200957203863,-4.111727726668452,4.983064438573346,125.85964529331514,48.65405401166986,106.08180081855389,52.602574584941664,96.6450204638472,54.44887152426233,31.42542974079127,50.14796733212324,67.0793997271487,38.606296606932716,126.64551159618009,50.00444250022924,0.7494766745419107,0.9377529425499268,0.6463156977917872,0.8777511835684844,0.03503410641200546,0.05020463847203274,0.034815825375170535,0.12065484311050477,0.30264665757162346,0.17751705320600272,0.07105047748976807,0.05800818553888131,0.07115961800818554,0.07890859481582538,train,rottenbanana
data/processed/train/rotten/rottenbanana_d53427b8128c.png,26633.0,749.9554040431976,0.5950576944704601,0.5672583288999278,0.8548821981126019,0.6215547620714602,-0.7498840065790174,-2.934341231556508,-2.979328829911643,-4.229043732435519,7.950186384423268,5.709708370680408,-8.023354957154883,89.35054255998197,60.5456395235218,74.6369917020238,55.010229499566506,81.44005557015733,58.86262516645672,138.7905605827357,51.12339300326716,52.62261104644614,26.435575082052026,90.50294747118237,61.350635694177825,0.8455929283393988,0.9064618302216387,0.5094934777716049,0.8575034967614945,0.028310742312169113,0.04768520256824241,0.03199038786467916,0.10595877295085045,0.31851462471370107,0.23331956595201442,0.061052078248789096,0.04516952652724064,0.060789246423609805,0.06720985243870387,train,rottenbanana
data/processed/train/fresh/freshapples_5737cbf35d4a.png,32725.0,927.116871714592,0.4784323641112322,0.622990674299685,0.8794678849771567,0.5890877016129032,-0.7680705266773802,-2.772881695505139,-3.8532498504067507,-5.167232257333894,-9.755908707926633,-6.760994057150348,-9.927342413812106,159.74820473644004,43.68352580200439,180.74007639419403,43.553614243467244,92.22022918258213,52.10920888257338,37.912788388082504,14.249934365773443,130.835935828877,48.866974335763196,181.0113063407181,42.97443794607275,0.7320113611730029,0.9494658881947855,0.46724832546927036,0.942601747582802,0.014851031321619556,0.019373567608861726,0.008495034377387318,0.10469060351413292,0.37188693659281896,0.2452864782276547,0.06741023682200153,0.054025974025974026,0.08705882352941176,0.026921313980137508,train,freshapples
data/processed/train/rotten/rottenoranges_c92727286c4d.png,51002.0,1504.7077116966248,0.28306930422786486,0.5258425257573128,0.8578829624396562,0.778228759765625,-0.7333868322662263,-3.056168196227977,-3.1885228134827823,-5.07064607852088,9.750725241088041,6.6593944095934345,9.217233599113131,183.05484098662797,55.074680344756445,133.27026391121916,60.7907148579911,118.17197364809223,70.86089716322455,30.0914866083683,45.43995381640127,108.6608760440767,69.27984953298473,187.22616760127053,54.17611080047905,0.8120243200475874,0.8983894348070172,0.3406172260089204,0.9240407696966733,0.01713658287910278,0.040253323399082386,0.036096623661817186,0.1212893612015215,0.33873181443864947,0.2514999411787773,0.07046782479118466,0.035822124622563824,0.03603780243912003,0.052664601388180854,train,rottenoranges
data/processed/train/rotten/rottenbanana_30c05a706359.png,22560.0,888.0214221477509,0.35950263188016596,0.9088143396221151,0.6108523773421423,0.38315217391304346,-0.47071782449929,-1.2469129571468218,-1.8011135863343766,-2.335721911287211,-4.614662281622418,-3.31300078294267,-4.5076901818154544,176.60908687943262,65.96767541261029,141.73142730496454,58.65250992179221,92.0468085106383,40.40989701853291,18.853767730496454,19.654124253344563,118.10846631205673,38.101647354918924,176.61906028368793,65.94895814164185,0.9195075379308467,0.8725148238192147,0.6184473214718544,0.9122463897679616,0.04995567375886525,0.07584219858156029,0.06533687943262412,0.13546099290780142,0.23328900709219857,0.1486258865248227,0.07287234042553191,0.06409574468085107,0.05164007092198582,0.10288120567375887,train,rottenbanana
data/processed/train/fresh/freshoranges_14613b158f6c.png,45043.0,964.7909733057022,0.6080939871827432,0.42359961117397155,0.9545030726848909,0.7473783765845888,-0.7894502448452372,-3.5914898773795336,-4.12034904259076,-5.680101001604812,-10.775196095477982,-7.747676116953087,-10.657216152866438,217.76304864240836,48.09860625226029,150.91033012898785,26.830858411735434,73.39850809226739,38.29346043616418,18.483182736496236,11.211528769477113,171.6027795661923,39.803849070372564,224.41917723064628,32.302957150481426,0.6879369227139986,0.9079207102520566,0.42340044515822206,0.9240200439505324,0.042048709011389115,0.07255289390138313,0.05936549519348178,0.1204848700130986,0.18189285793575027,0.17434451524099195,0.09799524898430388,0.0653819683413627,0.0703549941167329,0.11557844726150568,train,freshoranges
data/processed/train/fresh/freshbanana_755b66c183a6.png,40728.0,1115.1168721914291,0.411587497656114,0.4751476307697047,0.8781560620108239,0.69640750303507,-0.7758857246112274,-3.3424793277408873,-3.5203889563294988,-5.962965388624191,10.714198700919386,7.634188291020758,11.076989564019655,229.54731388725202,31.659558703349077,206.65092810842663,29.734571161852532,117.57159693576901,40.37997777574082,26.08583775289727,17.82675824558774,125.5924670988018,40.34581588931789,230.31715281869967,30.58604656981896,0.9055672166932911,0.9101287119255088,0.4916457580973459,0.9414907810710083,0.024037517187193085,0.043802789235906504,0.017997446474170103,0.11228147711648007,0.27779414653309764,0.20045177764682773,0.053574936161854256,0.0750098212531919,0.11576802199960715,0.07928206639167158,train,freshbanana
data/processed/train/rotten/rottenbanana_7d721b366d0d.png,62434.0,1151.0365781784058,0.592178688680179,0.3293912486577893,0.952667236328125,0.952667236328125,-0.7645536257749006,-4.011872357468551,-4.766134087069789,-5.230309572480684,10.228073191520561,7.2386628584364505,-10.939903039788815,133.66849793381812,97.13802010486629,115.58372040875165,90.70673623366172,81.11839702726078,76.01580039287282,16.13715283339206,10.038606771541662,103.85784988948329,71.75859228555079,133.66852996764584,97.13797668368419,0.353279703946771,0.9437386820989118,0.38524713275281885,0.9764743431994982,0.0051093955216708845,0.012989717141301213,0.010170740301758657,0.10596790210462248,0.27134253771983213,0.1725341961110933,0.048691418137553254,0.05232725758400871,0.2991479001825928,0.02171893519556652,train,rottenbanana
data/processed/train/rotten/rottenapples_8790633edb8f.png,39692.0,745.796025633812,0.8967527504321781,0.42383546464453126,0.9940644644243533,0.7967081493376155,-0.7955241613690723,-3.6025753834887317,-4.830974077210838,-7.634752155317457,11.996837284587844,9.836492224650225,-11.995066249154894,203.62891766602843,34.92915885723223,121.55270583492896,51.14020863978554,81.4292048775572,47.77831158579208,10.062632268467198,7.527825195650774,158.770004031039,46.93984954309579,203.62891766602843,34.92915885723223,0.6927423301008111,0.8898168040361916,0.33775266126488723,0.9144135766159496,0.04393832510329537,0.06767106721757533,0.05855084147939131,0.12836339816587725,0.22213544291041015,0.16013302428700998,0.08762471026907186,0.0653532197924015,0.0626574624609493,0.10357250831401794,train,rottenapples
data/processed/train/rotten/rottenbanana_6c37d0f1c262.png,33434.0,773.1513621807098,0.7028605230645937,0.6998812856106443,0.9238974245606278,0.654798276537407,-0.7580622053240164,-2.494076370509431,-3.725778901576742,-4.977443205204288,10.332364856429031,-7.0196341970225875,-9.330181809928865,117.12807321887898,62.86760210809612,98.36761978823952,63.765441598861244,84.36648322067357,63.516458545045744,21.398187473829037,38.082054362310345,82.36684213674702,58.794196504901905,117.19650655021834,62.905082777566136,0.8765585591991613,0.8824978445469212,0.42254655925963847,0.8966026121390989,0.03777591673147096,0.05458515283842795,0.045971167075432195,0.11901058802416702,0.3187174732308429,0.16417419393431837,0.0679248669019561,0.05326912723574804,0.05356822396362984,0.0850032900640067,train,rottenbanana
data/processed/train/rotten/rottenoranges_5c3444ae97e0.png,37897.0,854.2051850557327,0.6526649481136466,0.42640499398183296,0.9685639072763054,0.740609732264999,-0.7930718099031442,-3.5861276585423942,-4.98367810173059,-6.533000068940345,-11.896297575350207,-8.33652492300945,-11.843342448896701,190.96390215584347,38.58559246955503,169.16312636884186,53.29478149813441,142.79227907222207,57.78553158239225,20.943240889780192,8.02371822314576,68.50336438240494,55.10064910756409,191.0165712325514,38.540486097272144,0.9983702600474154,0.829033129047134,0.3291309447801185,0.9207490495581523,0.04623057234081854,0.06834314061799086,0.07077077341214344,0.14264981396944348,0.20798480090772356,0.1590891099559332,0.08723645671161305,0.06124495342639259,0.05422592817373407,0.1022244504842072,train,rottenoranges
data/processed/train/rotten/rottenapples_2a8035b8570e.png,64514.0,1013.6568541526794,0.7890089166267025,0.17588403269130512,0.9974026777155932,0.9960783102766798,-0.7781065512777038,-5.163827401016806,-10.86297113621764,-11.923396315146876,-11.999999999999945,11.99981310038755,-11.999999999999881,192.17470626530675,42.342218160150324,149.80410453544968,36.39131757792212,116.38819481042874,31.581137264413147,31.331462938276964,40.711910445402616,98.76715131599343,49.02314093502496,193.36514554980315,40.89941956544855,0.40355266065907325,0.8815138459902319,0.41770583388202653,0.8279086274502543,0.026304368044145456,0.04941563071581362,0.05240722943857147,0.14234119725950956,0.26687230678612395,0.19081129677279351,0.0819202033667111,0.05459280156245156,0.05654586601357845,0.07878910004030133,train,rottenapples
data/processed/train/fresh/freshoranges_0e33ae8c22a9.png,42027.0,823.1686078310013,0.7794004535780336,0.49390097911635034,0.9701747501096517,0.8241396215315226,-0.7885287781295706,-3.2915776096436966,-4.738664233888284,-5.914464894482475,-11.206425732830725,-7.667415303912543,-11.4690457216011,237.27132557641517,13.284833754035734,135.70618887857805,41.41918413416755,75.74183263140362,45.76264409064549,11.621576605515502,3.558603376286541,174.4243700478264,46.54287779753681,237.2800104694601,13.26589367563006,0.6170161767915958,0.9430335173108362,0.5100670319191007,0.9156650113555272,0.022104837366454896,0.048825754871868084,0.03126561496181027,0.11623480143717134,0.24474742427487092,0.2138863111809075,0.09667594641539963,0.060770457087110666,0.07944892569062745,0.08603992671377923,train,freshoranges
data/processed/train/fresh/freshoranges_f731a0c1d77c.png,51867.0,887.6711349487305,0.827173851981374,0.40520248825510435,0.987792336405881,0.8366049970159847,-0.7904574722775033,-3.677882436928322,-4.274804692653659,-5.77021744554271,-10.774273855156105,-7.609783549555438,-11.387525087328633,201.19993444772206,66.67007057649568,131.08662540729173,44.520403406435946,75.1446006131066,45.08885012295345,17.17203616943336,13.356613894779661,161.94406848285035,43.901221275765145,205.23251778587542,58.44659667258911,0.4825405085870922,0.9332477995162443,0.37941906353464083,0.9401283929130546,0.02263481597161972,0.04704339946401373,0.037769680143443805,0.12267916015963908,0.25467059980334317,0.2374342067210365,0.09227447124375808,0.04929916902847668,0.05704976189099042,0.07914473557367883,train,freshoranges
data/processed/train/rotten/rottenoranges_1f4d0bc2cabd.png,65536.0,1020.0,0.7915702273958504,0.0,1.0,1.0,-0.7781578772394873,-12.0,-12.0,-12.0,-12.0,-12.0,-12.0,159.11631774902344,94.69922014457323,111.66941833496094,69.99584413982214,65.85455322265625,57.627851184951645,16.493072509765625,20.84761008596326,113.29049682617188,86.18160391042785,160.42401123046875,95.08362549379372,0.19703709848971623,0.9251197548947456,0.40052942205505976,0.977694294141602,0.0183258056640625,0.0431060791015625,0.0376739501953125,0.1033935546875,0.20135498046875,0.1535491943359375,0.071868896484375,0.0488739013671875,0.257415771484375,0.0644378662109375,train,rottenoranges
data/processed/train/fresh/freshoranges_888615585386.png,47935.0,1182.0630515813828,0.4311032635944727,0.39269351524314877,0.9107923237697131,0.7430400545634921,-0.76084029431083,-3.6778310942059735,-3.3660902634339243,-4.786011452446838,8.924300158701696,-6.688273546281762,-9.162061392050221,190.27078335245645,85.82433334102527,136.91158860957546,53.33880312978926,65.47432982163346,38.92903685635232,18.995034943152184,15.018471862887342,148.03506832168563,65.28385853527688,195.28578283091687,79.96479981575271,0.5769045291421571,0.9412350211257812,0.5430519258583494,0.9470471888213946,0.032585793261708566,0.05713987691665797,0.042724522791279855,0.10749973923020757,0.18942317721915095,0.1488056743506832,0.0875143423385835,0.06385730676958382,0.17429852925837072,0.09615103786377387,train,freshoranges
data/processed/train/rotten/rottenbanana_3ac1407b28b9.png,27364.0,876.8742311000824,0.4472134233594668,0.6717997917013838,0.8076979840018891,0.5781778228532792,-0.7534091597598741,-2.5777850662356876,-3.8223571861874963,-6.534801236082702,-11.540102393038058,10.510753022436733,11.840779422801377,118.85396871802368,67.31390141419696,108.91737319105394,66.52677783097049,100.81727817570531,62.97285978646383,15.179030843443941,20.087111058923398,42.447412658967984,27.96479042020111,118.86964625054817,67.32831469602904,0.9177901830755893,0.8982198081275437,0.47278423477856946,0.9033206315694694,0.043816693465867564,0.05890951615260927,0.04209910831749744,0.12132729133167666,0.23815962578570385,0.1670077474053501,0.07674316620377138,0.06713199824587049,0.08423476099985382,0.10057009209179944,train,rottenbanana
data/processed/train/rotten/rottenoranges_32b8165b2827.png,52580.0,1209.4945110082626,0.45167145254039653,0.6758403033853487,0.9281389560643236,0.80230712890625,-0.7597655985103453,-2.577021726155189,-5.410542046714195,-5.200619466262584,-10.543688515581524,-6.506009913538507,-10.809631339485335,183.19636744009128,81.13598809536285,141.20629516926587,63.8314046395962,104.50290985165462,71.80230039125631,34.2809813617345,47.94633561516561,89.86544313427159,85.13645067844638,184.37683529859262,80.67081716115831,0.6278195441562453,0.9192253162400663,0.43353854170874984,0.9458159387994438,0.027443895017116776,0.04697603651578547,0.047831875237732975,0.11643210346139217,0.2219284899201217,0.15399391403575505,0.0802776721186763,0.046728794218333966,0.17949790794979079,0.07888931152529478,train,rottenoranges
data/processed/train/rotten/rottenbanana_0fa3546f9b87.png,19775.0,890.5899636745453,0.3133074796025941,0.8303255782534033,0.5396665120213956,0.4182529610829103,-0.47500179212349186,-1.5079233599164603,-1.8117625900440433,-2.496143178738097,4.650169134263226,3.2645985802289395,-6.386578768296255,125.99307206068268,42.357003012678234,106.70402022756005,44.0528923731697,108.13941845764855,42.460539648265396,121.5136788874842,75.25785158390376,44.26058154235145,21.6936913389492,126.25582806573956,42.21295764889349,0.8144242179114576,0.9346093808881325,0.6062555227991542,0.8674035765601402,0.04197218710493047,0.05936788874841972,0.03479140328697851,0.11731984829329963,0.2243236409608091,0.18255372945638432,0.08556257901390645,0.06376738305941845,0.08541087231352718,0.10493046776232617,train,rottenbanana
data/processed/train/fresh/freshapples_b62634399216.png,43297.0,827.9381603002548,0.7937283081672248,0.4606005789798277,0.9697628060116021,0.7593167429543501,-0.7913847981704435,-3.4341324289852295,-4.221073829724676,-6.302861224558778,-11.431674331795124,-8.024161960708506,-11.86934418808517,197.7460794050396,26.823395944451782,92.73409243134628,53.417704713869355,91.92241956717555,53.71020622989961,94.61163591010924,87.01174853525958,145.29507818093631,57.0498230709573,197.74857380418968,26.82706832045043,0.6051480242089444,0.9149261801617307,0.3899709600913164,0.9142064185026695,0.0362149802526734,0.05628565489525833,0.04917199805991177,0.13261888814467515,0.2277294038847957,0.16888006097420144,0.09457930110631221,0.06376885234542809,0.07162159041042104,0.09912926992632284,train,freshapples
data/processed/train/fresh/freshoranges_83e5ffa7ade8.png,53440.0,963.3868632316589,0.7235605389094213,0.23779622644548176,0.9808384112767051,0.8485772357723578,-0.7794950066974043,-4.631318224688584,-3.3766706361820313,-5.169280752045858,9.474585363013988,7.508130288656615,9.860728897096887,213.01474550898203,74.75107022401201,136.62129491017964,58.56361180259862,58.792290419161674,35.58065456795808,13.671968562874252,6.20466131412317,166.4811377245509,63.16071883059314,213.01474550898203,74.75107022401201,0.47808116985790894,0.9547216260076865,0.4528550252216913,0.9495697234368061,0.01438997005988024,0.03061377245508982,0.016616766467065867,0.10813997005988024,0.2063061377245509,0.2124251497005988,0.0778068862275449,0.06364146706586826,0.21132110778443114,0.05873877245508982,train,freshoranges
data/processed/train/rotten/rottenoranges_eb23a7f54a18.png,45340.0,891.310743689537,0.7171881363515572,0.5309658026522251,0.96024736853252,0.7840492494985128,-0.7824239209391225,-3.1346660346663344,-3.9383293445293326,-5.071987719250967,-9.62758466789622,-6.66363559229429,-9.908423022670306,189.82891486546097,69.77484867771382,144.8488531098368,59.56866706541173,107.08983237759153,58.124052631638605,37.315063961182176,51.223179973020386,107.07209969122188,62.05144487357063,191.43866343184825,67.77393082646067,0.6996831764733216,0.9053353585720234,0.3522210543578045,0.939637337437377,0.028451698279664754,0.05154389060432289,0.048257609175121306,0.12573886193206882,0.2609836788707543,0.17814292015880018,0.08332598147331274,0.05509483899426555,0.08872959858844287,0.07973092192324659,train,rottenoranges
data/processed/train/fresh/freshapples_9fe44297d745.png,41047.0,906.5655747652054,0.6276143117810861,0.6391852824043781,0.9201712697274032,0.7222515484234234,-0.7613941904422188,-2.7038630406740234,-3.317241714036816,-4.446581588714948,-8.330009106123134,-5.855938283116061,9.393359750660057,155.88557020001463,37.88570782740458,81.26593904548444,59.6375526313725,74.94969181669794,50.536578798072966,141.1174994518479,67.4429873305314,151.11572100275293,51.75363818698061,159.83550563987623,36.62589278061012,0.6044662322176392,0.9282909251378744,0.4125241392246842,0.9051144892766991,0.024947011961897338,0.040733792969035496,0.024240504787195166,0.10997149608984823,0.23429239652106124,0.21431529709844813,0.07062635515384803,0.06677710916753965,0.1500231442005506,0.06407289205057617,train,freshapples
data/processed/train/rotten/rottenoranges_ec723862faa6.png,48650.0,836.1391718387604,0.8744511812329049,0.49999434496907297,0.9872359422877899,0.8040392020757929,-0.7910539220278604,-3.2723263777556233,-4.208848804968999,-6.401182778006803,11.79570285260944,8.256305628385402,11.541660553300554,220.56221993833503,31.758064148224676,165.2969784172662,45.84034792134974,110.23638232271325,59.06493362770925,15.302918807810894,4.653062922828864,127.88250770811922,64.41470988221472,220.58464542651592,31.707286595196905,0.6071090698692243,0.8929429466401869,0.3504641806459017,0.9411200574960809,0.03428571428571429,0.05728674203494347,0.04992805755395684,0.12049331963001028,0.25611510791366904,0.1798355601233299,0.08289825282631039,0.05985611510791367,0.0701130524152107,0.08918807810894142,train,rottenoranges
data/processed/train/rotten/rottenoranges_3bf9bd069f89.png,38621.0,859.9970341920853,0.6562049038899859,0.41054746028797184,0.9384050928175721,0.8091556672952022,-0.7901993349076024,-3.652535692884622,-4.587575907780282,-5.804586045980304,-11.039545846432928,-8.126175808979024,11.167701057043365,203.11892493721032,29.180509870147116,182.53445016959685,35.17514074234213,154.31923047046942,59.470014404581896,45.47740866368038,51.10301737463373,67.25768364361357,68.57900456199859,206.0642137697108,24.63679918548865,0.6830694851140442,0.945830598139028,0.423701422162829,0.9340340220958068,0.016959685145387225,0.04062556640169856,0.02967297584215841,0.12516506563786542,0.2598845187851169,0.23777219647342118,0.08469485513062841,0.059760234069547655,0.07444136609616529,0.07102353641801093,train,rottenoranges
data/processed/train/fresh/freshoranges_7d570f52615f.png,53822.0,1277.7371490001678,0.4142730221659061,0.6220455803025288,0.9053017560384848,0.821258544921875,-0.7678101627737199,-2.7756321550746668,-5.378267040980712,-5.80300895197094,-11.30237203560548,-7.203330292291924,-11.77850936789941,191.70621678867377,89.29942158283087,123.26697261342946,63.737948536024504,60.812734569506894,47.54560571168386,12.002285310839433,6.984294051645153,144.4530117795697,77.27251897311601,191.70684850061312,89.29959551740593,0.5693247426863192,0.954868246067691,0.5024688605636013,0.9458807238988748,0.022704470290959088,0.050927130169819035,0.03186429341161607,0.09715358032031511,0.1588383932221025,0.15597710973207982,0.09074356211214744,0.05886068893760916,0.24270744305302663,0.09022332875032514,train,freshoranges
data/processed/train/fresh/freshapples_8cb3fe91f1a3.png,42366.0,949.494508266449,0.5905306065379154,0.6571996868029142,0.9389419560736686,0.7468532947854599,-0.7634635618928888,-2.646878911744457,-3.5291398489703756,-5.207610498142101,-9.609011115409459,-6.920144479912016,-9.98654370838765,188.581551243922,54.57582518327661,112.97736392390124,56.73432747286803,91.0806779020913,51.37249345852434,29.14544682056366,55.05806605483408,132.32594533352216,53.39785639759401,192.11202379266393,51.67973065084903,0.6537964149008011,0.9296041099456527,0.4123960429927965,0.922884468675585,0.02473681725912288,0.04258131520558939,0.043336637869990084,0.1388141434168909,0.2770145871689562,0.1810886087900675,0.08483217674550347,0.0484350658546948,0.09042628522872115,0.06873436246046358,train,freshapples
data/processed/train/rotten/rottenapples_10ea37cd7c11.png,39650.0,769.0681042671204,0.8424098871335997,0.24921891650544217,0.9782635513557524,0.7973375160875161,-0.7953013801170874,-4.578936942188746,-4.679311363663433,-6.634827325635239,-11.8532326775651,-9.350780499202427,-11.881149301992922,198.29450189155108,30.408140917911325,115.88408575031526,35.08927445521497,91.8646658259773,37.887957140269236,8.43639344262295,13.730433134265134,137.21767969735183,41.82994703880747,198.30080706179066,30.41228068558256,0.7549554490343056,0.8925019235329462,0.4218624704556042,0.87799814249535,0.03770491803278689,0.0637578814627995,0.056620428751576295,0.13276166456494326,0.24030264817150063,0.16688524590163933,0.08494325346784364,0.06199243379571248,0.058007566204287514,0.09702395964691046,train,rottenapples
data/processed/train/rotten/rottenapples_09e7d578e2ab.png,42741.0,772.5411932468414,0.8999352244975249,0.27015613364441626,0.993676330411736,0.8331578947368421,-0.7967737094369476,-4.436858567575194,-5.3580378691389505,-8.141382257485795,-11.999448101201484,10.439537509163676,-11.99992039703656,207.5019068341873,22.483208313281963,126.9033246765401,30.38287013793378,89.4088112117171,27.73523400645626,11.12940736061393,16.957968957533918,146.52677756720712,26.011768866850677,207.50207061135677,22.483547542161876,0.5213399802178259,0.919805181973836,0.4614899396096387,0.9098986613173619,0.030134999181114154,0.06005942771577642,0.054374020261575534,0.13998268641351397,0.2244215156407197,0.18724409817271473,0.09803233429259961,0.058936384268033035,0.05477176481598465,0.09204276923796822,train,rottenapples
data/processed/train/fresh/freshbanana_259b069737c2.png,39085.0,808.6660822629929,0.7510719180931176,0.6146512585117533,0.9700918342020353,0.7270275297619048,-0.7801892040949789,-2.826074152238757,-4.6427986329394635,-6.0454766105674125,11.671802017790151,7.788992763874186,-11.308214743022226,223.7796341307407,37.340736292882596,200.94678265319178,39.721626757807066,99.79383395164385,43.143535842804255,24.389996162210565,11.175390423573393,141.85122169630293,44.27859047403922,223.782320583344,37.332888400360396,0.7047693764444521,0.9337048507166371,0.47454349452689587,0.9516739007785173,0.011436612511193553,0.027222719713445056,0.011538953562747858,0.11549187667903288,0.3311500575668415,0.21788409875911474,0.059562492004605345,0.06572854036075221,0.11206345145196367,0.047921197390303184,train,freshbanana
data/processed/train/fresh/freshbanana_29dc976e904f.png,15504.0,700.1980464458466,0.39738533339703075,0.8990849359521832,0.6347594677584442,0.3782755087102913,-0.4884467532906519,-1.3139853435100497,-1.8779319739272755,-2.5950314895118116,6.188276126813671,3.631895469924451,-4.831933577273712,239.67518059855522,13.784250449984366,210.0186403508772,15.634036319831006,106.11706656346749,28.762775377771558,23.363648090815275,1.4749751196935426,142.50580495356039,27.682441398145606,239.67543859649123,13.78434075276127,0.7070645304680945,0.9671101932719004,0.688139911006693,0.9589683962562201,0.024574303405572755,0.04018317853457172,0.007223942208462332,0.05024509803921569,0.10384416924664602,0.16369969040247678,0.030572755417956655,0.06378998968008256,0.45904282765737875,0.05682404540763674,train,freshbanana
data/processed/train/rotten/rottenapples_9268df7b5a06.png,49519.0,861.4873683452606,0.8384629986952457,0.3297819239148616,0.9887386937683446,0.8782144503954883,-0.790259945833742,-4.061107570003711,-4.370527086276469,-5.988765430439991,11.573369071900784,-8.741828194734302,-11.120520332953644,223.33811264363175,32.56396786434008,197.03400714877117,44.14768817697945,135.28790969122963,46.78326763455848,21.175791110482844,5.676132178843029,100.7759041983885,53.000355343429,223.33875886023546,32.56424703228876,0.5215374647683222,0.9391634533291291,0.43051278858552655,0.9461721741375307,0.01672085462145843,0.03330034936085139,0.016377552050728002,0.0997798824693552,0.1784365597043559,0.24810678729376603,0.06591409358024193,0.07136654617419576,0.2089097114238979,0.061087663321149455,train,rottenapples
data/processed/train/rotten/rottenbanana_129b110ee124.png,24440.0,843.6610298156738,0.4314943248407733,0.864594434901582,0.8992567517845316,0.5224231542046086,-0.6722769084689048,-1.7928432201907651,-3.0092742816839175,-3.8907703829867657,-7.361166176756567,-4.844188561714552,-7.86461142171471,80.22675941080196,72.23519995185495,63.06006546644844,64.97446238350103,48.23674304418985,60.09633026911509,35.84234860883797,46.79379477568128,126.76505728314238,70.81088462445103,81.35912438625205,73.28789690853394,1.0956521351105115,0.8730879823848408,0.6631590547990033,0.8034359047460062,0.044639934533551556,0.05887888707037643,0.054664484451718495,0.12426350245499182,0.21342062193126024,0.16031096563011457,0.07835515548281506,0.06337970540098199,0.11157937806873977,0.09050736497545009,train,rottenbanana
data/processed/train/fresh/freshbanana_2b67e4991272.png,18987.0,757.73715031147,0.4155555182018536,0.8057704703907668,0.6540926002480364,0.43275213675213675,-0.5662644981958247,-1.7688232374384572,-1.9860895967166654,-2.7485246499181017,5.488238761733442,3.7725929187320717,-5.158915264776799,229.79417496181597,18.24170397263636,197.69273713593512,17.669578690052518,102.0780534049613,30.579171135241197,22.58908727023753,3.7424319016928767,141.97614157054826,30.792543989945365,229.80460314952336,18.2229931172865,0.7499574217509277,0.9578244450655664,0.6145187114960213,0.952894438610514,0.024648443671986094,0.03913203771001211,0.008216147890662032,0.0952230473481856,0.18344130194343497,0.25017116974772213,0.07078527413493443,0.07268130826354874,0.188918733870543,0.06678253541897088,train,freshbanana
data/processed/train/rotten/rottenapples_fdf153e615d2.png,27590.0,639.4701249599457,0.84785394458773,0.4818628350753975,0.9828648783441987,0.7722234661889834,-0.793182797336334,-3.3495421598135255,-4.794511464929558,-6.80759411426168,-11.939668785661409,-8.57939456842996,11.922263625228524,135.9456687205509,42.166349987980674,86.16563972453788,39.12495619686852,58.6049293222182,39.699004221702126,11.003950706777818,6.477335424931114,150.83595505617978,41.58427537437524,135.94704603117071,42.169796764091004,0.7688689394816648,0.9035536126898901,0.39953884535088957,0.8318840790620571,0.03671620152229069,0.0604929322218195,0.050743022834360274,0.12283436027546213,0.24632113084450888,0.1710402319681044,0.09159115621602029,0.06353751359188112,0.06415367886915549,0.09256977165639725,train,rottenapples
data/processed/train/fresh/freshapples_285d1ecf2a00.png,37722.0,980.5655771493912,0.4930049596291539,0.797758045440894,0.9035209580838324,0.6406589673913043,-0.7087487991851138,-2.079375410873703,-2.9271618775924337,-3.6815163305765686,-6.997339000399158,-4.765540370150412,7.629812770652582,181.1809554106357,48.79506696325106,112.36310375907958,59.23489243720903,89.82225226658184,50.25505573828993,36.43245321032819,60.64770059163319,135.72732092678012,54.047188600291584,189.00983510948518,44.61724755358744,0.6107648978238831,0.9308272579325141,0.42935714562725713,0.9300357952319744,0.02521075234611102,0.045437675626955096,0.03928741848258311,0.1350140501564074,0.3004347595567573,0.18535602566141773,0.08302847144902178,0.05076613117013944,0.0692964317904671,0.06616828376013997,train,freshapples
data/processed/train/fresh/freshapples_e42de3fc357f.png,30724.0,776.0802981853485,0.6410240202608192,0.559550485365576,0.9227811983781349,0.6679130434782609,-0.7623596848832758,-2.987542614298898,-3.2404993487322034,-4.27856952703304,-8.06276352923059,-5.805419950277665,-8.522140259112438,142.51174977216508,41.92891143421808,62.37628563989064,53.25175129335619,47.4812524410884,49.70701695154372,13.794720739487046,34.15141445035451,182.5916547324567,55.450016814013665,146.32443692227574,37.26934009168457,0.712300909359092,0.9257337357061238,0.4583806136738945,0.8493607079324318,0.020960812394219503,0.03886212732717094,0.026233563338107016,0.1250813696133316,0.28251529748730636,0.21087748991016794,0.08143470902226273,0.057349303476109885,0.10421820075511001,0.05246712667621403,train,freshapples
data/processed/train/rotten/rottenbanana_0ceffcf64631.png,17178.0,820.5655765533447,0.320594357516195,0.8146940525220466,0.5545941757603151,0.3531298180696886,-0.48189462302044694,-1.5716018398640308,-1.7380498536874693,-2.234443883158692,-4.8980597343521115,3.6774997677523418,4.230503525412392,125.69094190243335,67.16110781365214,91.63587146349983,59.1287843890191,46.608976597974156,39.41480072549634,15.817615554779369,11.079627934698225,161.8963208755385,39.871564635964816,125.69105833042263,67.1612886395973,0.7511666155826395,0.9155099460865401,0.6780642483309167,0.8605092775341883,0.04022587029921993,0.05867970660146699,0.04488298987076493,0.1374432413552218,0.2804750261962976,0.16276632902549773,0.07195249738037024,0.06030969845150774,0.058737920596111305,0.08452672022354174,train,rottenbanana
data/processed/train/fresh/freshoranges_c18383f253e1.png,46258.0,892.7249581813812,0.7293926161576135,0.5743979054947812,0.9773918187964841,0.803313420394554,-0.7807019239411691,-2.970020270228374,-3.813433409689592,-5.098319482366042,-9.644686345938979,-6.692478824691333,9.781646046899377,239.16920316485798,12.48563240770953,152.32768386008905,31.7701468678407,77.71101214924985,42.449481871813546,14.036988196636257,4.964676368111629,172.4267586147261,44.27444300875351,239.19278827446064,12.258342181941902,0.5396985729134168,0.9407869635979988,0.47590255479911125,0.935493362791444,0.02116390678369147,0.04872670673180855,0.031821522763630074,0.12672402611440184,0.2131523195987721,0.20422413420381338,0.09319469064810411,0.07313329586233733,0.10653292403476156,0.08132647325867957,train,freshoranges
data/processed/train/fresh/freshoranges_e278ef1d82de.png,41560.0,1074.7909730672836,0.4521029933054284,0.6726515706005024,0.8809377450876487,0.7312781531531531,-0.7392593191048737,-2.5466416862214842,-3.486510264902075,-5.655826641550521,10.253596021593992,-7.032389216541122,10.625013954395548,207.32998075072186,59.176690665273945,133.90033686236765,40.44298830530012,73.99533205004812,53.261299752798706,16.631833493743983,14.33007169791339,167.79552454282964,55.40612250603832,213.40748315688163,45.544887976664896,0.8289619578600615,0.9093548137408978,0.4197063873725674,0.9084424853085832,0.040928777670837344,0.06975457170356111,0.040856592877767085,0.09788257940327237,0.22586621751684313,0.15416265640038498,0.07670837343599615,0.07673243503368624,0.09285370548604427,0.12425409047160732,train,freshoranges
data/processed/train/rotten/rottenapples_bed3f35cf540.png,40618.0,991.1513631343842,0.5195752246939546,0.5934287081376933,0.9262308165917953,0.7293327587445234,-0.7690489510044046,-2.878455022731094,-3.3733721258003477,-4.514253061860755,-8.462138384289373,-5.957813357918265,9.316086586705698,189.83243882022748,74.77494514576885,147.5351568270225,70.7876899468366,109.74971687429219,56.07435326633657,12.262642178344576,7.643366283078909,107.6968585356246,50.50409447262444,189.83248805948102,74.7748468103724,0.6857447485308801,0.9303544450820194,0.43602961239205185,0.9513504134509103,0.021886848195381357,0.043921414151361464,0.03382736717711359,0.12231030577576443,0.24523610222069034,0.19176227288394307,0.08634103106996897,0.05460633216800433,0.12605248904426608,0.07405583731350633,train,rottenapples
data/processed/train/fresh/freshbanana_3702c31fda99.png,19306.0,1094.4061955213547,0.20255598499167882,0.842241494137944,0.5174068019189022,0.3770703125,-0.36471511666409845,-1.2492867158951058,-1.6803655790201906,-2.3912179907044466,4.845679070617399,3.184124499927328,-4.461136566849754,175.30249663317105,97.66094341351129,151.13037397700197,85.83012442261924,100.60297316896302,66.81160623513809,16.419403294312648,15.727282336520952,83.7930177147001,60.54327359639655,175.32197244379987,97.67264638592376,0.7509347111822211,0.9658916204445545,0.7142734199157046,0.9455286158528993,0.0159017921889568,0.02543250802859215,0.003729410545944266,0.08365275044027763,0.23345074070237232,0.19781415104112712,0.04920750025898684,0.0382782554646224,0.31938257536517145,0.03315031596394903,train,freshbanana
data/processed/train/fresh/freshbanana_061fccd04e96.png,32983.0,971.0336126089096,0.4395734890776996,0.497539207589584,0.7826819486960442,0.6846070820706547,-0.7345934105391232,-3.1691711991729816,-3.0901405431060747,-4.098492037073327,7.71654800714118,5.70141696622133,8.184947720210813,215.4459266895067,33.0387540201793,184.3085528908832,35.187963737056386,93.83709789891762,47.458226780818826,21.789861443774065,8.389071047623773,144.08289118636873,52.329365282156694,215.45256647363794,33.04402755008301,0.8816024628731751,0.9306387286709132,0.4456857992466523,0.9316026513479113,0.016796531546554284,0.031955856047054546,0.011339174726374192,0.09283570324106358,0.3215899099536125,0.2577085165085044,0.052117757632719884,0.05693842282387897,0.10829821423157385,0.05041991328866386,train,freshbanana
data/processed/train/fresh/freshapples_bd219359622d.png,37286.0,766.0975402593613,0.7983393266482923,0.6630878365045346,0.9722555410691004,0.7677703648793345,-0.7762731036068875,-2.65268626194018,-4.167494672968927,-5.740158026573783,-11.076650907670235,-8.430569994587943,-10.702545786029985,210.22590248350588,34.54217862795782,139.4449122995226,54.02089456459123,112.30960682293622,59.789682142713446,9.196883548785067,5.524129137889632,120.5057394196213,65.3938255371348,210.22697527222013,34.543074576351245,0.6865683546291558,0.9334098055972455,0.36621556091151486,0.9323555958981202,0.010915625167623236,0.02161669259239393,0.017996030681757227,0.11580754170466127,0.38872499061309873,0.2755189615405246,0.06865847771281446,0.03491927264925173,0.03027946146006544,0.035562945877809365,train,freshapples
data/processed/train/fresh/freshoranges_531cad5f1bc3.png,46359.0,817.7543941736221,0.8711604496732143,0.5633064406288736,0.992039545483726,0.8055290090528401,-0.7865589640227646,-3.022145147724825,-4.01863015078086,-5.715917951578394,-10.681102967194233,-7.496858897964835,10.745359828491978,216.9102871071421,25.66284452261606,148.2714683233029,33.230357529140925,80.10716365754223,52.66644459857924,16.058392113721176,17.319508579513734,159.58566837075864,64.04929175036813,216.9319010332406,25.630368890778406,0.503439914718022,0.9325969896448449,0.4394574690115757,0.9365561951434827,0.030954075799736837,0.05584676114670291,0.04318471062792554,0.12444185595030091,0.21805906080804158,0.19603528980349016,0.09624884057033155,0.06412994240600531,0.0720895618973662,0.09900990099009901,train,freshoranges
data/processed/train/rotten/rottenbanana_421d8811d44e.png,24840.0,756.9848421812057,0.5447372686753492,0.5606707909543422,0.8078836959703386,0.6210155253881346,-0.7249259697771779,-2.9085541288816703,-2.7996221268899264,-3.759106242320077,7.380943946487261,5.3021077316823835,-7.0887062179481495,104.11972624798712,67.70870518192432,81.54710144927536,61.42320162379825,87.31582125603865,69.62026093009446,106.62347020933977,69.43767618714305,72.87532206119162,34.41934074627797,107.11227858293076,70.82708465050497,0.9167947144896855,0.915715545995393,0.5188606366486024,0.8770442268858604,0.01932367149758454,0.044766505636070854,0.027334943639291464,0.09778582930756843,0.3778985507246377,0.2320450885668277,0.05893719806763285,0.040136876006441224,0.04609500805152979,0.05567632850241546,train,rottenbanana
data/processed/train/rotten/rottenbanana_a7bdd869dc6f.png,32542.0,869.4356341362,0.5409775377602603,0.7464196172262512,0.8175971056730817,0.5546238538364523,-0.7061369007480978,-2.238788657820511,-2.8236362474784653,-3.8569463640920945,7.290617437221761,4.985498949735571,7.425480382166288,156.96164956056788,46.71845175313131,121.63625468625162,46.71403837382436,96.21956241165263,45.51897092407833,30.027441460266733,46.21879107547089,101.55774076577961,44.80349168559157,158.41484850347243,47.736828467346854,0.8575952670619088,0.8807584399810827,0.4700723940204565,0.899265979927713,0.038043144244361136,0.058109520004916725,0.04793804929014812,0.12832647040747341,0.3090160408088009,0.151189232376621,0.06471636654169996,0.05869338086165571,0.0546678139020343,0.08929998156228873,train,rottenbanana
data/processed/train/fresh/freshapples_5ff8b6537b96.png,65536.0,1020.0,0.7915702273958504,0.0,1.0,1.0,-0.7781578772394873,-12.0,-12.0,-12.0,-12.0,-12.0,-12.0,120.73695373535156,77.56327848655135,128.8015594482422,80.86733828920576,60.244171142578125,49.44251508749172,28.907302856445312,17.317455197849654,121.16072082519531,69.71271200493072,128.97938537597656,80.83237765921665,0.19396799705292034,0.9361437570362969,0.422529354897445,0.9798226002042774,0.0224609375,0.0375213623046875,0.0342559814453125,0.1133575439453125,0.191650390625,0.1534423828125,0.076751708984375,0.0561981201171875,0.2496490478515625,0.0647125244140625,train,freshapples
data/processed/train/fresh/freshoranges_2529ffb92aa3.png,31845.0,749.4457393884659,0.7124768001393431,0.45441761539394837,0.9628700148157107,0.8070606721070506,-0.7772666616181331,-3.432117693367492,-3.548203162951572,-4.975073229071244,9.577040203889354,6.942721641173018,-9.286245809696112,240.33886010362696,9.015752444337398,166.39981158737635,38.91779872080836,85.6948971581096,48.457616601656156,15.940304600408227,3.721652763877478,165.04405715182918,48.82132251424653,240.33886010362696,9.015752444337398,0.5490351161538005,0.961908992273393,0.4413909561475718,0.9425835705760552,0.011241953210865128,0.037713926833097815,0.021855864342910977,0.12023865598995133,0.2536033914272256,0.25269273041293766,0.09414350761501021,0.0614853195164076,0.08434605118542943,0.06267859946616423,train,freshoranges
data/processed/train/fresh/freshoranges_efd7371d3922.png,37307.0,837.2274827957153,0.6688261409767997,0.5970858245398433,0.9330948927017158,0.7933439659755449,-0.7600652476941849,-2.8475168009979996,-3.637635374298915,-4.915356333444008,9.94921935756948,6.4545196605290425,-9.197786940524919,235.95134961267323,16.975038949693374,151.8195512906425,33.63549916481059,97.16736805425255,52.47185122759541,27.050901975500576,46.25577021122745,150.6941592730587,55.23748535344028,235.95955182673492,16.965469720293083,0.6026582466825504,0.9347726009724311,0.45109362477092446,0.9323554157807095,0.02082719060766076,0.05907738494116386,0.03270163776235023,0.10695043825555525,0.2589058353660171,0.2034738788967218,0.07859114911410728,0.06888787626986892,0.08730265097702844,0.08328195780952637,train,freshoranges
data/processed/train/rotten/rottenapples_8aa4342018a3.png,32251.0,674.8254625797272,0.8899592618581156,0.35263366556687736,0.9912709389887813,0.771739650634123,-0.7970753118735808,-3.951158903819114,-6.130833902719028,-9.142992169721765,-11.99999720625735,-11.539451515305512,-11.999993370636295,185.32981923041146,63.19322682990723,132.818331214536,68.64650360854803,88.80605252550309,47.66982808815863,12.891507240085579,8.753667239731985,141.0765557657127,37.55030113059561,185.32981923041146,63.19322682990723,0.7855745022601202,0.9120640850675811,0.349716713455277,0.9337468787882898,0.028743294781557162,0.045052866577780536,0.04737837586431429,0.13949955040153794,0.2552478992899445,0.1996837307370314,0.0883073393073083,0.058292766115779354,0.06539332113732907,0.07240085578741745,train,rottenapples
data/processed/train/rotten/rottenapples_774496d9a678.png,41200.0,847.5117551088333,0.7208013954761178,0.6296491531642917,0.9535050568168668,0.7757484466202221,-0.7698040157101912,-2.753374185328871,-3.750715244209654,-4.779192805998245,-9.091956009690099,-6.389506929445922,9.392992954844921,191.3575,39.22622753668341,156.12662621359223,53.87410810449179,114.72645631067961,63.59935335100106,20.627961165048543,26.72551296824795,109.11359223300971,60.805557197717484,191.36864077669904,39.239481023173646,0.6744826137913968,0.9283802205384915,0.35192363165062646,0.9389613608661787,0.018980582524271844,0.0375,0.030145631067961164,0.12461165048543689,0.270752427184466,0.233252427184466,0.07449029126213592,0.0495631067961165,0.09745145631067961,0.06325242718446603,train,rottenapples
data/processed/train/fresh/freshoranges_8b7f0d83624e.png,52465.0,1675.3279892206192,0.23489828870767837,0.2405762897782596,0.8221421295933558,0.8005523681640625,-0.7333619502995204,-4.518266079869204,-4.798313404940176,-4.125974803341272,-8.789639780085892,-6.385107258246442,-8.696968229593493,176.38482798055847,88.72565751248212,103.63606213666253,62.641286027276436,57.13216430000953,46.55863590354624,9.456628228342705,8.897482082662417,138.96370913942627,80.8897930407091,176.38526636805489,88.72583466490836,0.4694480967793846,0.9506193969758241,0.46193267911952784,0.9493373619036014,0.01955589440579434,0.04711712570284952,0.036081196988468504,0.10090536548174973,0.17203850185838176,0.16637758505670447,0.07988182597922425,0.04425807681311351,0.24475364528733443,0.08903078242637949,train,freshoranges
data/processed/train/rotten/rottenapples_83ef18b5cfc4.png,31287.0,802.097540140152,0.6111100377987311,0.7108269860564521,0.9070273090972343,0.777355396541443,-0.757292126814319,-2.4566512193104444,-3.8761665743803997,-4.857229056985371,-9.225468514655715,-6.086433876280159,-10.20815555903089,187.63687793652315,46.06443906217581,133.4158596222073,59.154303088036336,123.35947837760092,58.67356589546426,78.3532777191805,77.95791419992076,99.47265637485218,47.23983034665377,188.29501070732252,46.55595211067984,0.8119281079858677,0.920634669664068,0.3465934929000405,0.9233131935249184,0.01483044075814236,0.03292102151053153,0.023971617604755968,0.11503180234602231,0.3298174960846358,0.24061111643813723,0.06363665420142552,0.04113529580976124,0.09355323297216096,0.04449132227442708,train,rottenapples
data/processed/train/fresh/freshbanana_6114b687ff4b.png,65536.0,1020.0,0.7915702273958504,0.0,1.0,1.0,-0.7781578772394873,-12.0,-12.0,-12.0,-12.0,-12.0,-12.0,149.39993286132812,47.85581450490989,198.16793823242188,30.701410792180877,200.97918701171875,46.154962600749805,86.73263549804688,24.42600808980012,97.38150024414062,34.14244214695185,215.2540740966797,30.683449885350964,0.15464248793264895,0.9652869199827672,0.5805788910104839,0.9296180687985872,0.0048370361328125,0.0113983154296875,0.0032196044921875,0.058441162109375,0.1157379150390625,0.242218017578125,0.03082275390625,0.04443359375,0.4691162109375,0.019775390625,train,freshbanana
data/processed/train/fresh/freshapples_475a14e52c0d.png,28863.0,707.6711354255676,0.7242497760199942,0.328436468088665,0.9503786631544288,0.7717379679144385,-0.7905580899591446,-4.069212389395605,-4.3426180056079255,-6.811690545185891,-11.875185987787095,-9.183251614622,11.907766982966386,139.354779475453,40.909273023072956,65.02657381422583,57.50234833786355,61.32072203166684,57.16141865059458,25.353428264560165,59.65838366203282,156.96251255933203,64.31206276961822,139.3651734053979,40.918878390645105,0.6745098722523053,0.9335137504616586,0.46881689731076126,0.8831308751623146,0.013823926826733187,0.032151889962928316,0.016353116446661816,0.10601808543810415,0.30811073000034644,0.2508055295707307,0.06821882687177355,0.05307833558535149,0.10134081696289367,0.05009874233447666,train,freshapples
data/processed/train/rotten/rottenoranges_1ba7cba780e7.png,31827.0,1155.1585030555725,0.2997246140260025,0.5996707307915609,0.8014454069298953,0.6371771771771771,-0.7424057933655215,-2.8030570600917852,-3.4751480387063673,-4.233529920919069,-8.197562827603935,-5.647081755717517,8.288509273862193,143.41423948220066,64.06028073029198,112.66396455839381,59.49655912204365,76.17563703773526,60.11638469423367,18.715650234077984,13.2596085603223,118.58500644107204,65.65509287323246,144.22766833191943,63.89711403886061,1.1038928591604498,0.8957917911314762,0.41065451552769416,0.878219255802484,0.029660351274075472,0.05379080654789958,0.04524460363842021,0.13193200741508782,0.2762120212398278,0.19857353819084425,0.08348257768561285,0.0510258585477739,0.05262827159330129,0.07744996386715682,train,rottenoranges
data/processed/train/fresh/freshbanana_41a1bf01af9e.png,36536.0,1208.8326021432877,0.31419446776259063,0.3979154979464464,0.720361205859737,0.5996586134453782,-0.6712588103230658,-3.473774649064844,-2.444037378035677,-3.297404024585484,-6.8019912820289745,5.650894290857625,6.180174723914679,198.2729910225531,82.80918323070145,169.1055944821546,73.18208374028389,79.18168381869937,50.83338693252147,19.922268447558572,11.221576557972895,132.79743266914824,67.06510220726182,198.52646704620102,82.6991449588258,0.6858209025004494,0.9516551687790511,0.5464687420531233,0.9572012487842562,0.014424129625574775,0.02613860302167725,0.006705714911320342,0.09322312239982483,0.2795325158747537,0.1941646595139041,0.046447339610247426,0.058462885920735716,0.24039303700459821,0.040507992117363695,train,freshbanana
data/processed/train/rotten/rottenapples_9695cae55c06.png,40074.0,768.1980459690094,0.8533479737405533,0.5184913510164234,0.9829286239882267,0.8129259980525804,-0.7900653029845979,-3.197842328803414,-4.554304190658035,-6.296721228099622,-11.792498897885123,-8.239434473174096,11.553773607700354,173.75759844288066,27.427950010246242,117.53179118630534,38.747663726717825,78.90258022658082,48.40472971509446,19.3248240754604,27.932667012574285,144.43287418276188,50.369511968821456,173.9888705894096,27.8588632364019,0.7162006554280395,0.9050531717589869,0.41548526221478677,0.8789314877965331,0.028796726056794928,0.057967759644657384,0.04793631781204771,0.12703997604431802,0.2863951689374657,0.18348555172930078,0.081973349303788,0.05791785197384838,0.05195388531217248,0.07653341318560662,train,rottenapples
data/processed/train/fresh/freshoranges_a414f4d88685.png,46954.0,1833.1929947137833,0.17557637640150317,0.43927573460871516,0.7449232136057875,0.716461181640625,-0.6794274137388137,-3.301839979718224,-3.8782980795604867,-3.6343764292116916,7.520053713155786,6.198094507306248,7.564660257018377,179.860714742088,98.26342616474528,109.19007965242578,60.4961413509281,55.989180900455764,42.04365139428774,11.32896025897687,8.08048926519148,138.81173062997829,78.52701694575723,180.11170507305022,98.07353975354062,0.644277732805769,0.9414189433456177,0.5166731547039316,0.9368358647159852,0.022170635089662223,0.04717382970566938,0.03017847254759978,0.09453933637176812,0.15540742002811261,0.154001788984964,0.08058951314052051,0.05707713932785279,0.27309707373173747,0.08576479107211313,train,freshoranges
data/processed/train/rotten/rottenbanana_c972b5a1f659.png,15796.0,707.3523734807968,0.39672115424634097,0.861442965436686,0.647403582114021,0.49351704314681166,-0.5470804649154332,-1.5525581084847515,-2.026395538908664,-2.8044718373576987,5.4636957971432105,3.651725868249958,5.305382669242728,90.26785262091668,63.34403031040983,74.68688275512788,62.148784934700416,68.1177513294505,61.75398167839413,47.1344644213725,62.170291339143674,72.19422638642695,50.88630524885194,91.18498354013674,64.45990894039264,1.147649187084209,0.8967818881483032,0.5902453114555145,0.8002634137204775,0.027918460369713852,0.04564446695365915,0.031337047353760444,0.11933400860977462,0.3814889845530514,0.18764244112433529,0.057103064066852366,0.04456824512534819,0.04399848062800709,0.06096480121549759,train,rottenbanana
data/processed/train/fresh/freshbanana_daffa6623218.png,18761.0,747.9554045200348,0.4214193163575677,0.7934666347102917,0.6983175761185141,0.46632034201630546,-0.5875724928955255,-1.8507317897607625,-2.156340864062893,-2.738249859261775,-5.539632347859506,-5.414818031988032,-5.232864665884619,235.72560098075795,28.33552067616143,211.53797771973777,33.960242568466796,140.45786471936464,49.874342898226665,22.400458397739992,5.6532742203871695,104.68882255743297,47.32969652367667,235.73247694685784,28.335986159011213,0.777991555022587,0.9621213043345211,0.5788770631902678,0.9606240836585478,0.01572410852299984,0.03080859229252172,0.006449549597569426,0.09573050477053462,0.29747881243004104,0.23463568040083152,0.053248760727040136,0.07217099301742977,0.15324343052076114,0.04050956772027078,train,freshbanana
data/processed/train/fresh/freshoranges_6472beb8c215.png,43368.0,969.4356336593628,0.5798842325018729,0.5462337241217347,0.9381530274514894,0.738606172082567,-0.7844814258169821,-3.0811784255462467,-4.94544137015869,-6.11148455435241,11.942225531190234,-8.063405393877094,11.483237610467278,207.01049160671462,43.18198925857004,143.69435989669802,36.738265986653545,76.84910533111972,42.95019878166294,18.693990961077294,12.834475384457942,162.9041228555617,46.84489495488826,214.18149326692492,33.1745919724486,0.6934415708905877,0.904845245775898,0.45907441683058975,0.9183753776917071,0.03871518170079321,0.06391809629219701,0.057300313595277624,0.13009592326139088,0.2195858697657259,0.169641210108836,0.09043534403246634,0.06327245895591219,0.06214259361741376,0.10489300866998709,train,freshoranges
data/processed/train/fresh/freshbanana_b5aee1b029df.png,23553.0,1008.0874403715134,0.2912458113888679,0.6163085211761631,0.5633880304262546,0.4055478072214474,-0.556324319423436,-2.3725738014168076,-1.9036314187711154,-2.506432790856981,4.969719085703713,3.752771959036384,4.790295343227323,237.20273425890545,23.917415250340255,203.40130768904174,29.269613315672522,109.18778924128561,41.324755565964786,21.72211607863117,4.432064790525925,137.78435868042288,42.78771248143153,237.22264679658642,23.911847227464087,0.7270086770182786,0.9621094655102762,0.6347795849366983,0.9572662727523716,0.028871056765592495,0.04148091538232922,0.013586379654396467,0.10032692226043391,0.1715280431367554,0.2549569057020337,0.08058421432513904,0.07676304504734004,0.15148813314652063,0.0804143845794591,train,freshbanana
data/processed/train/fresh/freshbanana_f3850ce2dc51.png,20769.0,886.0386646986008,0.3324452273534512,0.7729271064371348,0.6128356447329596,0.4085972850678733,-0.5756274818856743,-1.8925583785206153,-1.9648205721426077,-2.6210232578215686,-5.787741991454785,3.951638862888854,-4.917863208370647,229.2157542491213,28.07919422125978,201.14083489816554,28.33326993950793,102.75993066589629,57.46155476995383,31.089652847994607,33.51112180494697,140.0225335837065,66.18031542429992,229.72911550869082,26.862487600935502,0.6866302659196322,0.9653150902282105,0.6250423470943599,0.9584849569569225,0.013963118108719726,0.03245221243198999,0.005633395926621407,0.08305647840531562,0.23511001974096007,0.28248832394434015,0.06456738408204536,0.05580432375174539,0.181664981462757,0.04525976214550532,train,freshbanana
data/processed/train/rotten/rottenbanana_5128ce2911d4.png,12717.0,727.0609629154205,0.30231025577464166,0.96850933047194,0.5959510754955715,0.3523105053191489,-0.3139260917779374,-0.7356775378435492,-1.740325932787142,-2.606597089116271,4.978772347950476,3.15586519303282,-4.891153919702746,132.1658410002359,46.81496441734298,97.77817095226861,49.14164158173925,60.039631988676575,44.12030243737011,17.83895572855233,18.939560237597128,143.2142014626091,48.528494157967884,132.26641503499252,46.97957758162259,0.7896581788733261,0.9250886116015711,0.6571129750558959,0.8431115290115618,0.03255484784147204,0.07926397735314933,0.03522843437917748,0.10002359046945034,0.3115514665408508,0.16230242981835338,0.06652512384996462,0.06550287017378313,0.07061413855469058,0.07643312101910828,train,rottenbanana
data/processed/train/fresh/freshbanana_8f82f29f0717.png,65536.0,1020.0,0.7915702273958504,0.0,1.0,1.0,-0.7781578772394873,-12.0,-12.0,-12.0,-12.0,-12.0,-12.0,242.54029846191406,17.038361103129507,208.0223846435547,21.553876984525,95.08131408691406,20.657995357109108,22.907501220703125,1.49935529154424,155.69635009765625,18.57465593553553,242.54031372070312,17.038164043782242,0.0508514964432971,0.9801947504685453,0.8148950574930811,0.9297049834829574,0.0024261474609375,0.00958251953125,0.0017242431640625,0.0436859130859375,0.0951080322265625,0.1463623046875,0.014862060546875,0.032073974609375,0.6368560791015625,0.0173187255859375,train,freshbanana
data/processed/train/rotten/rottenapples_6e188b79f9ef.png,44265.0,972.038666009903,0.5887124917182218,0.5901437617016613,0.912548704310718,0.7054183266932271,-0.7712997192618717,-2.8946464484012653,-4.022059755892205,-4.9262999720602165,-9.424350061624935,-6.760383175720386,-9.878760588144601,154.89795549531232,52.4567464353486,114.1843894724952,54.99622426544331,112.14844685417373,53.5383607579347,73.1239127979216,85.4588012859656,74.74887608720208,43.382722379707694,154.90125381226702,52.46196610192195,0.6745120640516052,0.8982955249405419,0.38696334279149625,0.9234789128941457,0.03537783802100983,0.060905907601942845,0.05042358522534734,0.11523777250649497,0.267886592115667,0.1581836665537106,0.07674234722692873,0.058691968824127416,0.09409239805715576,0.0824579238676155,train,rottenapples
data/processed/train/fresh/freshapples_980e1a827437.png,33863.0,840.4234418869019,0.6024749292027559,0.46384189038579254,0.9130446505608283,0.6950533661740558,-0.7767325962444992,-3.3911891076691902,-3.9259604944968673,-4.667986786728305,-8.984185177414334,-6.363589913362235,-9.495113829042088,175.11750287924875,43.50658985123078,80.13994625402357,58.45432712811579,78.66098691787496,57.192429973720174,112.30449162803059,83.05816168474885,157.65150754510822,54.07276682831382,175.95375483566133,42.66602760634345,0.7543542943758661,0.9203673301574112,0.43622268462928965,0.894721034827499,0.02569175796592151,0.04727874080855211,0.03650001476537814,0.1287540973924342,0.2895785961078463,0.19085727785488588,0.0862593391016744,0.05956353542214216,0.0641112718896731,0.0714053686914922,train,freshapples
data/processed/train/rotten/rottenapples_055d0bc6f1f6.png,65536.0,1020.0,0.7915702273958504,0.0,1.0,1.0,-0.7781578772394873,-12.0,-12.0,-12.0,-12.0,-12.0,-12.0,127.62330627441406,42.74028244887249,81.67002868652344,39.21401501439548,63.90638732910156,35.358504732364565,9.010498046875,3.175684618916732,133.11080932617188,49.85051373684604,127.62330627441406,42.74028244887249,0.1816302805806349,0.9328464151526392,0.4382659274840925,0.9412987548278356,0.014862060546875,0.0423736572265625,0.03167724609375,0.1226348876953125,0.2432708740234375,0.2398529052734375,0.08673095703125,0.0622711181640625,0.0865478515625,0.0697784423828125,train,rottenapples
data/processed/train/rotten/rottenbanana_8e18e30abf5c.png,65536.0,1020.0,0.7915702273958504,0.0,1.0,1.0,-0.7781578772394873,-12.0,-12.0,-12.0,-12.0,-12.0,-12.0,134.9063720703125,64.93341968025133,125.64659118652344,64.97354546571552,115.36138916015625,63.41366365157578,35.60174560546875,45.26750654774686,41.575225830078125,45.976075151510514,135.6721649169922,65.09024959546453,0.5587592099197349,0.8118255726419937,0.30171906654086056,0.9234841663132985,0.026824951171875,0.0569305419921875,0.063140869140625,0.1391754150390625,0.2295379638671875,0.1428375244140625,0.073028564453125,0.0563507080078125,0.1477508544921875,0.064422607421875,train,rottenbanana
data/processed/train/fresh/freshoranges_76b6e0a62ba4.png,65536.0,1020.0,0.7915702273958504,0.0,1.0,1.0,-0.7781578772394873,-12.0,-12.0,-12.0,-12.0,-12.0,-12.0,151.4146728515625,98.44866774213692,108.46957397460938,76.77460965722089,71.09690856933594,67.92209308442935,22.763626098632812,37.04277809827002,96.52259826660156,87.59524762683486,152.0734100341797,98.77922624762708,0.15351803587453683,0.9758125216632014,0.423861321878919,0.985465576686787,0.0014801025390625,0.0127410888671875,0.0049285888671875,0.074615478515625,0.1401824951171875,0.218780517578125,0.0491485595703125,0.0484466552734375,0.4301605224609375,0.0195159912109375,train,freshoranges
data/processed/train/rotten/rottenbanana_c1a463526b85.png,65536.0,1020.0,0.7915702273958504,0.0,1.0,1.0,-0.7781578772394873,-12.0,-12.0,-12.0,-12.0,-12.0,-12.0,197.45355224609375,54.60569252449845,188.80360412597656,62.84786774269494,175.78761291503906,74.32375166803635,57.47703552246094,39.44798493714601,40.9884033203125,63.63573638756329,199.37332153320312,55.15688964689833,0.3370961882562582,0.907509673848036,0.47309680628008893,0.9554276182443509,0.0078125,0.0203857421875,0.017333984375,0.1049652099609375,0.25994873046875,0.2591552734375,0.0471343994140625,0.0453033447265625,0.2072296142578125,0.030731201171875,train,rottenbanana
data/processed/train/rotten/rottenoranges_4c6a35a4a36e.png,45601.0,830.783833861351,0.8302486086652611,0.6390727248062822,0.9859462498108149,0.7885626340181227,-0.7797763494808209,-2.741011817787608,-4.054450128776003,-5.524576365113998,-10.370853528641065,-7.007802578091788,-10.584805840713273,185.64750773009365,44.221527289145456,174.79053090940988,38.84071118560475,135.56343062652135,44.94233268029878,28.849696278590383,16.24148362023844,68.17815398785115,42.38383409121972,186.24808666476613,44.60726294701315,0.7124345803591889,0.8609614510499537,0.34869645846402847,0.9321248219379774,0.04857349619525888,0.07072213328655073,0.0637924606916515,0.12164206925286726,0.19916229907238878,0.15675094844411308,0.08624810859410978,0.07190631784390693,0.06780553058046973,0.11339663603868336,train,rottenoranges
data/processed/train/fresh/freshoranges_d5b4174652c1.png,47010.0,861.2274821996689,0.7964607077289708,0.16019827558704508,0.9726475213109327,0.8335993190764975,-0.792273194521979,-5.356757297092622,-4.385391379354352,-6.029334355558625,-11.926087538532137,-8.707675317099728,11.16778819361004,237.24086364603275,15.318047536221806,143.71450755158477,28.71230496142083,83.95873218464156,38.31914258955701,11.872601574133164,8.369297435411116,165.08257817485642,39.6834612799885,237.24086364603275,15.318047536221806,0.6503238373444724,0.8952146034653486,0.4532042081898948,0.9071831013506371,0.03443948096149756,0.05622208040842374,0.049117209104445864,0.12869602212295256,0.22682407998298235,0.19304403318442884,0.09510742395235057,0.059412890874282066,0.05900872154860668,0.09812805786002977,train,freshoranges
data/processed/train/fresh/freshapples_fd5ec46cf5db.png,31267.0,745.5706297159195,0.7068357300077165,0.5107752858482694,0.9497296640544317,0.7297190067214339,-0.7721920096897795,-3.192117925745593,-3.2810235984135594,-4.7344676998410336,-9.415838677773515,-7.478186155197619,8.751902253695771,167.33191543800172,42.90872906179558,185.37458022835577,44.79957995380768,75.2264368183708,37.49317986928322,33.32539098730291,7.090024335143485,147.23440048613554,45.37969262066026,185.3761153932261,44.798936709725325,0.5750335260271692,0.961392169531013,0.5275471838411387,0.9476438215892449,0.014168292448907794,0.0294559759490837,0.014520101065020628,0.11203505293120543,0.282694214347395,0.22589311414590463,0.07746186074775323,0.060127290753829915,0.13867655995138645,0.044967537659513224,train,freshapples
data/processed/train/rotten/rottenapples_e482fe096646.png,48106.0,871.3523733615875,0.7961987181731448,0.24583918573979946,0.9700159296674934,0.8017666666666666,-0.7892171965068209,-4.591237764768018,-3.8968454407001385,-6.212212721781814,11.200313485501095,-9.086267182323898,-11.685208245922668,206.37201180725896,23.67698904738532,162.63896395460026,38.489015389017354,117.88159481145803,46.1891345745616,16.48979337296803,6.461330674953543,112.04302997547083,44.211837157927164,206.3868124558267,23.68772831715137,0.6878738706015217,0.9240538854488434,0.4071506385207155,0.9249329920893626,0.021182388891198604,0.04386147258138278,0.036481935725273355,0.12447511744896686,0.2743108967696337,0.22679083690184176,0.08558184010310564,0.056146842389722694,0.06140606161393589,0.06976260757493867,train,rottenapples
data/processed/train/rotten/rottenbanana_6130e21d9218.png,15603.0,768.1808009147644,0.3322699569302078,0.8984600905839881,0.5775893980898793,0.32270273624123597,-0.42801918989436805,-1.1951562430638216,-1.665343975701312,-2.289565417233893,-5.008871074417845,3.360287829571156,-4.274269157273978,183.23277574825354,40.15090466861266,138.14522848170225,46.91836944950586,112.12882138050375,49.70939780900811,23.068576555790553,40.66104311301922,101.79177081330513,44.014425559506996,183.37512016919823,40.30221936291448,0.791504433113823,0.9258472395519415,0.677513365956572,0.9106695334541358,0.04383772351470871,0.06806383387810036,0.04742677690187785,0.11818240082035505,0.2700762673844773,0.17438954047298597,0.0739601358713068,0.05793757610715888,0.04915721335640582,0.09696853169262322,train,rottenbanana
data/processed/train/rotten/rottenbanana_074c5682dc84.png,43416.0,1430.4163016080856,0.2666458143913383,0.6324915085280272,0.706847709289831,0.6624755859375,-0.651764920265948,-2.507526303136296,-3.636712064560639,-3.305388415396479,7.209219520098078,5.030589878860126,6.80824875268027,115.71959646213378,58.78024615869739,100.86841256679566,54.433124276027684,99.60896904367054,53.63711002858597,51.325594250967384,76.01583949572013,33.43495485535286,24.197085520385365,115.79516768011793,58.90725593335682,0.592489518612901,0.9021929606582553,0.48187541969669634,0.917393683295822,0.03855721393034826,0.05562465450525152,0.05924083287267367,0.11656992813709231,0.18493182236963332,0.13214022480191634,0.07458079970517781,0.05242306983600516,0.1996498986548738,0.08628155518702782,train,rottenbanana
data/processed/train/rotten/rottenbanana_83d44373c024.png,65536.0,1020.0,0.7915702273958504,0.0,1.0,1.0,-0.7781578772394873,-12.0,-12.0,-12.0,-12.0,-12.0,-12.0,137.31607055664062,100.31002319053223,122.98646545410156,96.93666030016759,101.17526245117188,98.05263249840672,17.530960083007812,25.209947657765053,55.77543640136719,85.96995339784918,137.44822692871094,100.41342824784275,0.4111441320421223,0.9228685362892088,0.5020693198495844,0.9721951302958982,0.0173492431640625,0.046630859375,0.02655029296875,0.0805816650390625,0.1419525146484375,0.112823486328125,0.0612640380859375,0.059326171875,0.3709716796875,0.082550048828125,train,rottenbanana
data/processed/train/fresh/freshoranges_0f6578b5c4da.png,65536.0,1020.0,0.7915702273958504,0.0,1.0,1.0,-0.7781578772394873,-12.0,-12.0,-12.0,-12.0,-12.0,-12.0,170.45494079589844,94.74669010872019,128.00352478027344,73.97790570580024,49.498321533203125,33.1524654467725,18.483230590820312,13.71973073756603,150.30267333984375,73.8292896497291,176.91311645507812,92.02500586351893,0.27416195826408374,0.9531761694102294,0.4318330725233112,0.9688776021745189,0.007232666015625,0.0261077880859375,0.01641845703125,0.0947723388671875,0.1863861083984375,0.1849822998046875,0.0687255859375,0.04742431640625,0.3232269287109375,0.0447235107421875,train,freshoranges
data/processed/train/fresh/freshbanana_93cefd93e121.png,65536.0,1020.0,0.7915702273958504,0.0,1.0,1.0,-0.7781578772394873,-12.0,-12.0,-12.0,-12.0,-12.0,-12.0,212.6808624267578,79.50814376837337,186.55197143554688,70.56807662902328,171.75662231445312,82.00423403036525,104.697021484375,71.25135004830834,55.82490539550781,49.48488313514422,212.6822052001953,79.50810730934418,0.2272599251556034,0.9642588694491769,0.5798961019119584,0.9753967716761166,0.002593994140625,0.0123748779296875,0.003753662109375,0.0721282958984375,0.145843505859375,0.2132415771484375,0.033538818359375,0.0499420166015625,0.4442901611328125,0.0222930908203125,train,freshbanana
data/processed/train/rotten/rottenapples_68873fbb6aea.png,31226.0,677.31074488163,0.8553626621737146,0.5190541715097018,0.9810550127242452,0.7711646745036056,-0.7916120050553376,-3.1987580160739397,-4.686678316636133,-6.705155215145143,-11.871095904298103,-8.308547519586712,-11.922383311815738,173.19272401204125,46.61533479305864,112.93380516236469,53.73053462267183,49.60769871261129,32.32580903218468,15.272433228719656,14.799524351955068,185.05633126240954,31.349588595313396,173.19272401204125,46.61533479305864,0.6583826223956603,0.9237297555099995,0.35482527408642417,0.9116197429038556,0.023538077243322873,0.04377762121309165,0.04076730929353744,0.14487926727726894,0.29308909242298087,0.1949657336834689,0.08255940562351886,0.05207199128931019,0.05668353295330814,0.06766796900019215,train,rottenapples
data/processed/train/rotten/rottenapples_265f9d43afa4.png,39045.0,788.0559102296829,0.7900621025784174,0.6340897175343186,0.9715103259517293,0.8378036220066947,-0.7783796476675489,-2.7552720782573297,-5.384580286848468,-6.356082385830436,11.984375759932623,-8.023765218704314,-11.797895170852444,194.9242924830324,34.721069616850556,103.72741708285312,56.18626384943454,80.90472531694199,57.02788465368801,8.125624279677295,16.74506199187476,154.2406454091433,62.58624862528845,194.9250608272506,34.72211133331876,0.7438438079576536,0.9100416215717386,0.3434450579749585,0.8948888871098372,0.020591625048021513,0.04569086950954027,0.039620950185683186,0.13507491356127546,0.3198104750928416,0.19275195287488794,0.08367268536304265,0.04983992828787297,0.05024971187091817,0.06269688820591625,train,rottenapples
data/processed/train/fresh/freshapples_f29dd71fb918.png,34459.0,896.5828222036362,0.5386810603595019,0.7465598970679955,0.8531144781144782,0.5903748629385965,-0.7054736698871019,-2.2370096594928737,-2.6481147659324336,-3.9351638848372423,-7.9382405187364204,5.353177512374504,-7.235154403590161,186.51144838793928,68.6369445601584,111.17133404915987,57.54944387645395,87.74369540613483,54.219054958528766,10.156243651876142,12.627118267323535,124.66989755941844,65.2534631603345,188.60300647145883,66.70656520457726,0.6120049787703444,0.9396385702952303,0.5084685220397864,0.9362581412079922,0.02716271511071128,0.04425549203401143,0.0432688122116138,0.13389825589831394,0.24281029629414666,0.16779360979715024,0.08468034475753794,0.05078499085870165,0.1326794161177051,0.07266606692010795,train,freshapples
data/processed/train/rotten/rottenapples_dbaf4bfd27f3.png,38037.0,774.7249572277069,0.7963812513955463,0.4092674729509143,0.9729874913667409,0.8157020008149085,-0.7918672629904213,-3.661793635226692,-4.916809161882314,-6.2498547126882675,-11.607604751513842,-8.08090838330399,11.998115254546756,149.6954018455714,37.803685262037156,96.48095275652653,49.43869160088097,72.391040302863,52.82048086335745,15.47159344848437,26.03912098893919,141.37886794436994,52.021084789912585,149.85853248153114,38.139453567519595,0.772361414197495,0.9079816036642319,0.38332179599859123,0.8719228066976951,0.030890974577385176,0.05342166837552909,0.046244446197123854,0.12945290112259117,0.2503877803191629,0.182979730262639,0.09049083786839131,0.061335015905565636,0.06630386202907695,0.0884927833425349,train,rottenapples
data/processed/train/fresh/freshoranges_44ff2eeee4ee.png,48132.0,964.0386662483215,0.6508109713570331,0.46237003865068677,0.9669137588139577,0.8253652513889842,-0.7833970100555924,-3.4107022342914837,-4.269427477962301,-5.340786899171402,-10.295368002686676,-7.073012125536789,-10.280681130531635,208.0452297847586,49.53959315631274,122.93154242499793,47.16248197082985,73.38944984625613,58.171276257468655,15.98315050278401,24.28100015752961,167.79485581318042,61.5539784504184,211.02565860550155,42.30762880172826,0.6100028099598511,0.9112651810149169,0.3639919219378773,0.917673819016364,0.025762486495470787,0.04724507604088756,0.040035735061913075,0.1315548907171944,0.2446605169118258,0.1994515083520319,0.09318125155821491,0.06214161057092994,0.07541760159561206,0.08054932269591955,train,freshoranges
data/processed/train/rotten/rottenapples_31a103a6a52d.png,31985.0,685.7127637863159,0.8548142476437712,0.47321383016059515,0.9852148467580472,0.7857950078616353,-0.7916455713936006,-3.3819809335296847,-4.115128173413085,-6.557461333099736,11.643656228765813,8.258157637554653,-11.951458744831548,181.3364076911052,54.34935833467271,147.56998593090512,58.41430824764134,93.06687509770205,35.60052884042414,16.65758949507582,8.466897390391079,120.7564170705018,36.62086220594775,181.3368453962795,54.349836533409785,0.7898956347587804,0.9244967846550733,0.38560620383299105,0.9249744365051611,0.01850867594184774,0.0391433484445834,0.02082226043457871,0.10448647803657965,0.2890417383148351,0.24220728466468658,0.07491011411599187,0.05749570110989526,0.09335626074722526,0.06002813818977646,train,rottenapples
data/processed/train/fresh/freshbanana_acd357910d3e.png,65536.0,1020.0,0.7915702273958504,0.0,1.0,1.0,-0.7781578772394873,-12.0,-12.0,-12.0,-12.0,-12.0,-12.0,146.8056640625,72.93791034520949,139.40724182128906,65.16100033773166,108.79118347167969,63.079078253494295,45.43058776855469,35.45012551435683,75.90840148925781,60.96355051322423,155.9989471435547,74.138400887003,0.18479256563382648,0.9468278068088578,0.4628217114642872,0.974255607949648,0.004974365234375,0.020599365234375,0.0109100341796875,0.1040496826171875,0.23516845703125,0.2370452880859375,0.0582427978515625,0.0477142333984375,0.24810791015625,0.0331878662109375,train,freshbanana
data/processed/train/rotten/rottenbanana_792874714de9.png,65536.0,1020.0,0.7915702273958504,0.0,1.0,1.0,-0.7781578772394873,-12.0,-12.0,-12.0,-12.0,-12.0,-12.0,98.74050903320312,83.81589305784539,93.962890625,83.52706724027531,83.57490539550781,78.9339804971559,17.534637451171875,19.280516128975208,39.33880615234375,49.476529060930524,99.07688903808594,84.0503145534598,0.4386874877547949,0.8824592402445086,0.3980643574327361,0.9620428661732758,0.0242919921875,0.0534515380859375,0.045684814453125,0.0882415771484375,0.159271240234375,0.1006317138671875,0.0572509765625,0.05389404296875,0.352630615234375,0.0646514892578125,train,rottenbanana
data/processed/train/rotten/rottenbanana_ec7e5ded1338.png,26846.0,780.5655748844147,0.5536950772422323,0.6419688618933571,0.7903786139080257,0.5098955365622032,-0.7003978738452599,-2.5723730518876327,-2.5273990200780347,-3.556076049416348,6.666110623408418,4.925540587805571,-6.8822352790729155,123.1970870893243,51.90919821456721,96.77832824256872,53.836766673464645,77.08869105267078,54.70510630904676,22.37670416449378,33.79813039315707,104.36660955077106,54.41352566130754,123.51415480891008,52.40834463085808,0.8353567526094513,0.8872949471664269,0.512645047113284,0.8721065094084967,0.04596587946062728,0.06317514713551367,0.05024957163078298,0.12344483349474782,0.28182969529911345,0.1478805036132012,0.07043879907621248,0.062094911718691796,0.05833271250838114,0.09658794606272815,train,rottenbanana
data/processed/train/rotten/rottenoranges_bb37ed14fe9a.png,42172.0,805.352373123169,0.8170754773969805,0.5169880463263482,0.9811320754716981,0.807196860943631,-0.7909370593856211,-3.2054105727260818,-5.545710251660223,-6.888850812503807,-11.984562174937233,9.14175908355528,11.970836542248238,201.33323057953143,45.12749812205182,187.05911505264157,39.0256330962163,154.95440102437635,43.59380338389424,24.79619178601916,10.573307090514897,59.79189983875557,36.53292549974671,203.04061936830124,43.52824905487793,0.8504634660147367,0.8763810526969659,0.34629446579721135,0.9259416981036251,0.03414587878213032,0.05363748458692972,0.05790571943469601,0.14338897846912643,0.26097884852508774,0.18488570615574315,0.0831594422839799,0.05204875272692782,0.046523759840652566,0.08332542919472635,train,rottenoranges
data/processed/train/fresh/freshoranges_af619c0ee7de.png,41190.0,887.2102390527725,0.6575799540116538,0.5347221931341932,0.9365833693353646,0.6760438550420168,-0.7823887961046924,-3.1203229643303874,-4.347075496364134,-6.778660073896511,11.896749152701748,8.593041027056712,-11.863910937740524,223.3499393056567,35.80326865647449,148.78094197620783,33.46342317286029,82.8673707210488,47.20904383707378,16.295047341587765,13.509218606835692,159.73814032532167,52.667892581686054,224.84229181840251,32.4300848546823,0.5821039725691068,0.9491158116367963,0.4723399342241369,0.9451622557631978,0.022772517601359555,0.049623695071619324,0.032459334789997574,0.11653313911143481,0.2322893906287934,0.20538965768390385,0.08866229667395,0.06790483126972566,0.09980577810148095,0.08455935906773489,train,freshoranges
data/processed/train/rotten/rottenbanana_131644c6f865.png,51898.0,1271.5950119495392,0.40333216207542244,0.5553920768657817,0.8811504635131923,0.791900634765625,-0.7416442746973221,-2.9614541891965294,-3.65235286729888,-4.373411955108438,-8.567243567020911,-5.948513900455139,8.50985735516272,146.19719449689777,98.08819048035059,143.17285829897105,99.55189073476477,132.11272110678638,100.92309396963145,21.739411923388186,11.251504715956186,36.72918031523373,52.67782994361635,146.33953138849282,98.21403057463516,0.6299324776270465,0.942870262240789,0.49453502662113824,0.9677020173330942,0.007495471887163282,0.013237504335427185,0.01127211067863887,0.09385718139427338,0.1865967860033142,0.14505375929708275,0.03319973794751243,0.05252610890593087,0.4355466491965008,0.02121469035415623,train,rottenbanana
data/processed/train/fresh/freshoranges_1ace3c19a1d4.png,52243.0,922.0731557607651,0.7721598478622757,0.6032715857599897,0.9703019947253074,0.8647212658898306,-0.778470649525837,-2.862490072267029,-4.543094329776285,-6.549323051280489,11.879890404004097,8.322796369906346,-11.76030199491275,231.75288555404552,21.45611401975825,150.53103765097717,32.71860538330326,78.41885037229868,44.006082324957056,13.828953161189059,5.919441335252705,168.83082901058515,47.173721171018684,231.75376605478246,21.451757689725042,0.4716690613910245,0.9373309680497537,0.4584299608464,0.9281493471848672,0.017820569262867753,0.04067530578259288,0.03093237371513887,0.12585418142143445,0.2685527247669544,0.23536167524835863,0.0933522194360967,0.053576555710812934,0.06366403154489597,0.07021036311084738,train,freshoranges
data/processed/train/rotten/rottenapples_cca37cb70791.png,58690.0,1091.3624784946442,0.6192071130334577,0.4947022005077016,0.9630626343512578,0.895538330078125,-0.7694887850283437,-3.25028992877405,-3.886671003539415,-5.461977007724345,11.405335083826134,-7.097109692722836,-10.130742777740473,222.53521894700972,25.326385955471235,171.66769466689385,47.44575258713908,123.04905435338218,68.53780439776656,42.48088260350997,57.60974385751462,117.39447946839326,72.09287602869645,222.6327994547623,25.38493544148439,0.3969747076027127,0.9243996427764425,0.37985443529899265,0.9516475455204716,0.020701993525302435,0.04264781052990288,0.031538592605213835,0.1318282501277901,0.21175668768103595,0.19824501618674392,0.07425455784631113,0.0782586471289828,0.14092690407224398,0.06984154029647299,train,rottenapples
data/processed/train/rotten/rottenapples_34360eaafeba.png,43825.0,784.080295920372,0.8957992790820134,0.2672690077590092,0.9928636157680109,0.7803596866096866,-0.7976304674446782,-4.457936104499727,-5.417050659956967,-8.667921721019157,-11.99997759906001,-11.571598842819265,11.999918487477872,209.5937250427838,54.510078988550056,163.14092413006276,64.5770738208598,74.3523787792356,32.62376065999941,18.634751853964634,6.1545830653229885,166.836303479749,28.891942057052447,209.5937250427838,54.510078988550056,0.7390117003101915,0.8997543350602268,0.4057834398395175,0.9411859237564009,0.024940102681118084,0.04819167142042213,0.04054763262977752,0.13763833428408442,0.276280661722761,0.1980376497432972,0.08282943525385054,0.05880205362236167,0.05727324586423274,0.0754592127780947,train,rottenapples
data/processed/train/fresh/freshbanana_b02de77dbeed.png,19258.0,946.2813069820404,0.270259223300162,0.9072307828993547,0.5540276179516685,0.32286078326180256,-0.4235860631658681,-1.1578039842366816,-1.741852692848142,-2.5396071935196343,4.7046884453325655,3.169472321888058,-5.167514777793333,240.881296084744,13.522371663507958,217.78383009658324,15.926336758626277,108.138487901132,50.65108626542456,25.011371897393293,4.7493980769565765,139.63329525392044,56.293443929340796,240.90185896770174,13.496911008973182,0.5944079733747052,0.9766026236965659,0.7137950546083364,0.9635349098997906,0.016928029909647938,0.04361823657700696,0.00649080901443556,0.09995845882230761,0.19488004984941323,0.2415100218091183,0.054003531000103855,0.09133866445113718,0.1885969467234396,0.06267525184338976,train,freshbanana
data/processed/train/fresh/freshapples_976aba219d2e.png,40653.0,1134.364566206932,0.39700608172985863,0.8349513341902253,0.8681529886603883,0.6203155517578125,-0.6898423275639887,-1.9228330174238117,-3.381565193494842,-3.916886474328986,-7.57080310552973,-4.88125240205982,-8.400359384323679,168.88392000590363,66.45152415718285,104.4530784935921,64.32592522590879,84.28898236292524,55.04631455868462,34.82205495289401,60.52778649046414,125.16724472978623,63.640469918408414,175.74088013184758,65.16076224384852,0.5539464807020298,0.9370533701420862,0.47294532568371256,0.9379513087071503,0.02477061963446732,0.04036602464762748,0.03753720512631294,0.12493542911962217,0.28418566895432074,0.17450126681917694,0.07487762280766487,0.046294246427077954,0.13334809239170542,0.0591838240720242,train,freshapples
data/processed/train/rotten/rottenoranges_aaa6ef72f519.png,38008.0,745.2691121101379,0.8599211628087098,0.7045445118839058,0.9932836796027702,0.7982190860215054,-0.7722308350087317,-2.5071023970308053,-4.908200616758594,-6.56318150262902,-11.99608167812667,-9.92885733941952,-11.823212835276491,198.05611976426016,33.779629017722726,159.6575720900863,40.045218304692895,121.8911281835403,56.05864807508316,18.080772468953903,9.349290368057165,98.10221532308988,64.7663587227391,198.45782466849084,33.43502622334311,0.6350959930312952,0.9170607490208984,0.3745851144137028,0.9318623480825134,0.03338770785097874,0.062039570616712274,0.05346242896232372,0.12860450431488107,0.2277415280993475,0.17633129867396338,0.09232266891180804,0.06661755419911597,0.0696169227531046,0.08987581561776468,train,rottenoranges
data/processed/train/rotten/rottenapples_ae399df74e21.png,31284.0,727.9970355033875,0.7417762423528467,0.4848342586097456,0.9566094853683148,0.7698781838316722,-0.7910311081417996,-3.3331468127695016,-4.901103708335512,-6.809683106424049,11.915110854017797,8.685034328209316,11.99464632094891,202.134509653497,49.24300049283952,115.25799130545965,45.15417576832079,76.55862421685207,40.09972364861965,12.779439969313387,24.77706644979323,158.10072241401355,42.34800721539879,202.13473341004988,49.24316508502432,0.8184190558766702,0.9035450863169576,0.36884590934548517,0.8951798927404027,0.015087584707837873,0.03302007415931467,0.026627029791586754,0.12827643523846055,0.4148446490218642,0.21189745556834164,0.06204449558879939,0.0347461961386012,0.02838511699271193,0.04507096279248178,train,rottenapples
data/processed/train/rotten/rottenbanana_5d1d7e00daad.png,65536.0,1020.0,0.7915702273958504,0.0,1.0,1.0,-0.7781578772394873,-12.0,-12.0,-12.0,-12.0,-12.0,-12.0,160.64260864257812,69.71454040918306,166.22811889648438,76.09098004364141,173.23350524902344,84.79060616820598,94.20097351074219,35.88008405498039,41.763031005859375,32.02086051768214,179.80540466308594,79.70918892629837,0.25311014835772583,0.913995807735284,0.4058441956304204,0.9779538645959709,0.01654052734375,0.028076171875,0.017181396484375,0.0784454345703125,0.17877197265625,0.2166595458984375,0.04425048828125,0.057037353515625,0.3175048828125,0.0455322265625,train,rottenbanana
data/processed/train/fresh/freshapples_15982f999c23.png,42810.0,856.0802954435349,0.7340507555165446,0.5027794991333663,0.9585544434741721,0.8015352930162891,-0.7886820640717699,-3.25654547641934,-4.42611161142117,-6.3938687990668095,-11.595063277201385,-8.02305349309956,-11.883769025577793,197.1129175426302,27.47887602889247,102.52648913805186,58.09657773348434,94.93345012847466,57.846314157897524,58.26021957486569,80.25962560244024,138.77442186405045,61.31086302276075,197.1158374211633,27.48292819664228,0.6652555552051762,0.9196737613334358,0.37346986120911446,0.9127001833598639,0.03237561317449194,0.048633496846531184,0.04837654753562252,0.13263256248540062,0.24877365101611773,0.18192011212333567,0.09032936229852838,0.061714552674608736,0.06757766876897921,0.08766643307638403,train,freshapples
data/processed/train/rotten/rottenoranges_01ed5ec7b886.png,65536.0,1020.0,0.7915702273958504,0.0,1.0,1.0,-0.7781578772394873,-12.0,-12.0,-12.0,-12.0,-12.0,-12.0,205.9232177734375,28.665389474214965,154.84149169921875,32.37334550805683,108.68617248535156,61.65733526040694,20.076614379882812,11.392175016163286,114.36103820800781,85.8164527887739,206.36126708984375,28.40106822417757,0.142680898722847,0.955330306827101,0.522593643700376,0.909511461603753,0.008087158203125,0.026123046875,0.013275146484375,0.0938873291015625,0.1435699462890625,0.2545013427734375,0.0589141845703125,0.066864013671875,0.290130615234375,0.044647216796875,train,rottenoranges
data/processed/train/rotten/rottenapples_c78a79dfee58.png,34469.0,731.4284956455231,0.8096452943690624,0.5541953139311789,0.9761823845935995,0.7910995845860779,-0.7884273373319143,-3.059449239767336,-4.962938161370381,-6.734093248468157,11.899398760414226,8.26525161593998,-11.991323943548801,202.30569497229394,34.039328849989545,109.73904087731005,32.13477218369214,87.5692941483652,36.795072897947826,6.136180335954045,4.5611901180765235,146.67802953378398,37.35098343646056,202.30569497229394,34.039328849989545,0.7563370823431752,0.9166760350417871,0.43713114238210826,0.8756218153137887,0.021903739592097248,0.04894252806869941,0.030288084945893412,0.11433461951318576,0.27833705648553775,0.21462763642693436,0.08776001624648234,0.05776204705677565,0.0702950477240419,0.0757492239403522,train,rottenapples
data/processed/train/fresh/freshoranges_9720204cccac.png,37497.0,1113.8204090595245,0.37981843849800423,0.5960699110680099,0.8075158824162808,0.6027681327160493,-0.735299360487487,-2.801583655932069,-3.104151377386277,-3.582949713213637,-6.940657823240628,-5.036701290230453,-7.526352689640544,198.43947515801264,51.84190213519516,146.4437688348401,45.377811648119085,86.49558631357175,45.70178974768022,18.686908285996214,24.431017949697942,137.73264527828894,54.31728316000658,198.46209030055738,51.820465054689485,0.6347211560505793,0.9557795840236141,0.5123437781513129,0.9449259011553273,0.014507827292850094,0.0367229378350268,0.017334720110942208,0.10267488065711923,0.2770088273728565,0.24049923993919514,0.08352668213457076,0.05248419873589887,0.12054297677147505,0.05469770915006534,train,freshoranges
data/processed/train/fresh/freshbanana_a0c86d469222.png,35069.0,930.3645669221878,0.5091279299003195,0.6384352873176163,0.7745433663891159,0.5637377829218106,-0.693887172961665,-2.5714113604283506,-2.650402726275236,-3.515806649223392,6.745703650283196,5.0567360617126145,-6.753208995318151,232.58983717813453,27.138823341396726,198.03450340756794,25.801215233869918,88.03441786192934,37.48616194443823,23.01970401209045,4.768469182160011,158.889931278337,39.0358038399224,233.35949128860247,25.202332670297984,0.6349445786859906,0.9503598181781966,0.5339431231887454,0.9609029104705089,0.02016025549630728,0.034560437993669625,0.012603724086800308,0.09395762639368103,0.2161167983118994,0.24369100915338332,0.05962531010293992,0.06735293278964327,0.1939889931278337,0.05794291254384214,train,freshbanana
data/processed/train/rotten/rottenbanana_2f8686f56640.png,24732.0,1073.234623670578,0.2698234878198284,0.7465853521817332,0.6129975710107569,0.4618487394957983,-0.6130918390098073,-2.0521638827580375,-2.4119310538253287,-3.2384181211915055,-6.77611567041542,6.049580956868984,-6.0719097237216,142.4665211062591,66.68071518630168,113.37449458191816,77.267073244443,103.07314410480349,79.44427225265373,12.552644347404172,28.296770124179577,88.28626880155264,63.84348001825631,142.4872634643377,66.68809547283242,0.7399034733627547,0.9323845050015489,0.5621849743462333,0.9291473657132714,0.03723920426977195,0.05591945657447841,0.03364062752709041,0.10407569141193596,0.2073831473394792,0.22537603105288695,0.07949215591136989,0.06639171923014718,0.09865760957464015,0.0918243571081999,train,rottenbanana
data/processed/train/fresh/freshbanana_98488c2cbb7e.png,45419.0,972.9919828176498,0.6028772675670118,0.33741288262025204,0.8836209412268243,0.7661774628879892,-0.7716897918430662,-3.981886567425878,-3.5896762916447646,-5.030817324929664,9.358301846610809,-8.811462220177281,9.884757915670024,222.0574649375812,33.26082899553485,199.50042933574056,37.99937909248591,132.16847574803495,48.20627981115907,23.073009093110812,13.358281656158464,105.97362337347806,47.166014881396734,222.07164402562805,33.26590212482475,0.7342555311550102,0.9320189765566923,0.4952275838478412,0.9460957514156756,0.016094585966225587,0.03254144741187609,0.012307624562407802,0.10224795790308021,0.22583059952883155,0.25493736101631476,0.06065743411347674,0.07071930249455075,0.16669235342037472,0.0579713335828618,train,freshbanana
data/processed/train/rotten/rottenbanana_75db8a015b29.png,65536.0,1020.0,0.7915702273958504,0.0,1.0,1.0,-0.7781578772394873,-12.0,-12.0,-12.0,-12.0,-12.0,-12.0,149.18197631835938,99.67529480463733,130.58154296875,99.40698681186237,85.57771301269531,68.76100367018016,17.156448364257812,13.028242059843645,106.90785217285156,56.918859789333816,149.18270874023438,99.67426028895862,0.46846654922149117,0.9146008440163527,0.44780930709694955,0.9732275926729095,0.0087738037109375,0.02197265625,0.0165557861328125,0.081024169921875,0.190704345703125,0.187225341796875,0.0350799560546875,0.042755126953125,0.380279541015625,0.0356292724609375,train,rottenbanana
data/processed/train/fresh/freshapples_98e26b1e0237.png,47508.0,845.4945106506348,0.8351318119956979,0.632195553620462,0.9868511248208388,0.763695987654321,-0.7815487605894419,-2.7681102050788797,-4.380955674186136,-5.926500336722183,-11.05737876978794,-7.348513970663802,-11.40056542861957,209.0952050181022,36.71124326978828,139.89134461564367,58.782447095820025,117.56093710532963,61.843934512473204,9.330870590216385,11.75214125403321,114.89584912014818,65.83880101864352,209.09890965732086,36.71397694402252,0.5808616685842655,0.9390983394293948,0.3598690050346111,0.9465499073957575,0.0072198366590889955,0.017365496337458954,0.012776795487075861,0.1365875221015408,0.34105834806769386,0.3200513597709859,0.07581880946366927,0.031636776963879766,0.033215458449103306,0.02426959669950324,train,freshapples
data/processed/train/fresh/freshoranges_ae2e9ce8f1dc.png,62586.0,1258.0315237045288,0.496940064762473,0.30990831681768255,0.954986572265625,0.954986572265625,-0.7672563835407574,-4.128894032527506,-5.872644749799757,-7.05403848897171,11.99190045622859,9.158426996413265,-11.989764998223281,176.56364043076726,94.07188505292797,115.62296679768639,67.87275306456543,64.34625954686352,61.52936456903245,12.74193909180967,11.56106462347413,131.6664909085099,84.54507653057965,178.35146837950978,92.8260050089576,0.4359855731912526,0.9504413441604361,0.43286071010252014,0.9510824272497179,0.013693158214297127,0.029431502252900008,0.02331192279423513,0.09960694084939124,0.22829386763812992,0.1878535135653341,0.07281181094813537,0.04047231010130061,0.24895344006646855,0.05557153356980794,train,freshoranges
data/processed/train/rotten/rottenapples_e3136acb457b.png,41796.0,773.4528793096542,0.8779643133191407,0.4664918747755167,0.9904265402843602,0.789795918367347,-0.7912574122813503,-3.4091416869696287,-3.9420669976264633,-6.160241449198333,-11.161907053582079,-7.891736104619813,11.558684997782903,155.7405732605991,45.67102968334246,76.1809024787061,38.83654505982596,49.1247009283185,39.980277957770475,17.75088525217724,39.53205269388329,179.07754330557947,45.83827360479744,155.7421045076084,45.668772557198785,0.8761096416996493,0.8391011829994808,0.3741331216065023,0.8032831458740792,0.0459613360130156,0.06586754713369701,0.07378696525983347,0.14951191501579097,0.19705234950712988,0.14575557469614317,0.087496411139822,0.06881041247966313,0.06306823619485118,0.1026892525600536,train,rottenapples
data/processed/train/rotten/rottenapples_dc2c93e9155e.png,33110.0,815.026473402977,0.6263623049982532,0.6552218459968947,0.9010014150429956,0.7409147869674185,-0.764802920918729,-2.6562301891721583,-3.8404651008586663,-5.109765190372997,-9.583214778676853,-6.447906961623181,11.810534437135196,247.41815161582605,9.391037983572875,209.25212926608276,20.857846247205277,108.31966173361522,53.570383112781165,21.339172455451525,2.6933203352793584,143.80842645726366,53.82596479888082,247.41815161582605,9.391037983572875,0.7649883929830177,0.9448599881662356,0.5190873876906763,0.9481154067281086,0.017728782845061915,0.03983690727876774,0.02207792207792208,0.10646330413772274,0.22204771972213833,0.24180006040471158,0.07526427061310782,0.06297191180912111,0.14765931742675928,0.06414980368468741,train,rottenapples
data/processed/train/rotten/rottenbanana_b7afc92414dd.png,65536.0,1020.0,0.7915702273958504,0.0,1.0,1.0,-0.7781578772394873,-12.0,-12.0,-12.0,-12.0,-12.0,-12.0,185.95440673828125,92.68703441691197,164.423828125,90.17656306770003,100.47967529296875,59.39107319030257,19.270095825195312,8.0692044875852,113.33251953125,50.40702127480304,185.9546661376953,92.68655720688052,0.31077035194481534,0.9417665044483625,0.47900530677550135,0.9787246345108519,0.0034942626953125,0.0125885009765625,0.0076141357421875,0.0807342529296875,0.151763916015625,0.1560821533203125,0.0262908935546875,0.047210693359375,0.4950408935546875,0.0191802978515625,train,rottenbanana
data/processed/train/rotten/rottenapples_28cf9e12b0e0.png,33573.0,731.8721455335617,0.7876432895794313,0.3111998817596135,0.9646027869558972,0.8523229246001524,-0.7885022475598681,-4.163794948897146,-5.1787634798675795,-6.376864606667637,-11.824382608977377,-8.588485825060815,11.826210560211806,184.02394781520866,31.05810755528677,136.96711643284783,36.73868486018606,111.39823667828314,40.39037371222568,13.768176808745123,20.35983355799423,103.16269025705179,36.42509381921939,184.07583474816073,31.083306635737816,0.713611870123454,0.9066759270488438,0.39600816976805336,0.8860376487878293,0.018497006523098918,0.04333839692610133,0.03985345366812617,0.13880201352277127,0.3379501385041551,0.21076460250796772,0.07765168438924136,0.043457540285348345,0.037798230721115184,0.05188693295207458,train,rottenapples
data/processed/train/fresh/freshbanana_861e8b856685.png,26462.0,1048.6976066827774,0.30236531819781065,0.7200618052555191,0.6821333745778878,0.4814774381368268,-0.6379358378249922,-2.187802334623728,-2.531328678532754,-3.0520399757827836,-6.053697103652286,-4.502700426662882,-5.947610802485649,235.53665633738947,21.12873571776786,200.61174514398004,20.441134063874394,106.79498904088882,27.37034614720943,22.070062731463985,4.702510050446814,139.48768044743406,27.09866132372521,235.57357720504874,21.032116988604663,0.7666434283921619,0.9646155724136031,0.6222564576635045,0.9555168974748258,0.019801980198019802,0.03042098102940065,0.004761544856775754,0.10755044970145869,0.1914821253117678,0.21634797067493008,0.05592925704784219,0.08578338749905524,0.2404958053057214,0.04742649837502834,train,freshbanana
data/processed/train/rotten/rottenbanana_74535a35ee21.png,65536.0,1020.0,0.7915702273958504,0.0,1.0,1.0,-0.7781578772394873,-12.0,-12.0,-12.0,-12.0,-12.0,-12.0,148.75819396972656,62.86485437402341,133.72836303710938,58.26602257915033,117.23231506347656,52.10619368147626,19.246200561523438,28.74336671789314,49.41789245605469,29.50812901609007,148.848388671875,62.803910957316035,0.3539865511107176,0.8805982431556837,0.4008969195486073,0.9399986958551865,0.0149688720703125,0.0781707763671875,0.0287017822265625,0.0790863037109375,0.3370819091796875,0.114013671875,0.041168212890625,0.07611083984375,0.1570892333984375,0.0736083984375,train,rottenbanana
data/processed/train/rotten/rottenoranges_a3fff6522189.png,42217.0,851.6122592687607,0.7314984719148935,0.6320055316003198,0.9622985571334138,0.7644683470954657,-0.7727706333143656,-2.7512065553264176,-3.474656171066659,-4.888318538109646,-9.09054661074464,-6.2878858860349895,-9.583123312241907,182.89968496103467,56.68972984564248,143.82452566501647,56.748878246011905,117.25752658881493,61.30043074139155,16.334770353175262,22.870849740067726,86.10585782978421,63.97859766641434,183.0183338465547,56.705782934923,0.6152429657259477,0.9204140259237136,0.39574368709243,0.942581142441898,0.02368714025155743,0.04306322097733141,0.04493450505720444,0.12883435582822086,0.25627117038159986,0.20110382073572258,0.07819124997039108,0.043157969538337636,0.11538006016533624,0.0653765070942985,train,rottenoranges
data/processed/train/fresh/freshoranges_1514fede1e9e.png,35066.0,857.7716401815414,0.5988978109374345,0.5680330772201976,0.9174057504643801,0.7379985267810165,-0.758532002184158,-2.9488108914818896,-3.2370865908098634,-4.486430102599965,-8.397145756545385,7.077941753019956,8.695032584346615,236.29478697313638,11.736048602283226,134.2072948154908,31.589654888203555,76.03242457080933,32.68305376579859,11.140734614726515,3.540053929677293,173.3180858951691,33.57205326192416,236.2948154907888,11.736090409455173,0.6600696926032287,0.93075058565392,0.47847685508275617,0.9221838183221397,0.026236240232704044,0.05600866936633776,0.04431643187132835,0.140677579421662,0.2251468659099983,0.1812581988250727,0.09473564136200308,0.06524838875263789,0.0762847202418297,0.09008726401642617,train,freshoranges
data/processed/train/fresh/freshapples_566e2e6a4fb2.png,44731.0,836.5239460468292,0.8032703124471153,0.5179431708867323,0.9731958314296282,0.7882114537444934,-0.7884792726932693,-3.1967929044790604,-4.31180071141589,-5.934566468356942,-11.02287094277807,-7.550194397456665,11.501820728584075,174.407972099886,38.15759146770996,189.16735597236814,36.524238084528335,92.16693121101697,43.335628724207204,33.82687621559992,3.827882797868366,133.13806979499677,45.985305303780585,189.54841161610517,35.792422270640685,0.6565782551118287,0.9198359733000663,0.4052978474501524,0.9352963073061134,0.03134291654557242,0.05139612349377389,0.046410766582459594,0.13625897028906128,0.25409671145290735,0.1743980684536451,0.08504169367999821,0.06590507701593973,0.06746998725715947,0.08767968522948291,train,freshapples
data/processed/train/rotten/rottenapples_4ad19ca8b318.png,31490.0,671.4112482070923,0.8778196517547192,0.4748153481769732,0.990937126313802,0.7704164016245045,-0.7934583373473292,-3.37899434790836,-4.3893254707632865,-6.71238195305623,-11.846745366372353,-8.496639001183048,-11.87154389014078,152.1198158145443,48.869719722072674,130.51311527469036,48.608049665949856,101.80924102889806,45.417664822108016,18.444077484915848,21.09758212293086,87.63102572245157,31.678618915719657,152.12191171800572,48.87350344375514,0.7443402933198746,0.9302607188545671,0.37537873300024555,0.9097324884775158,0.0120990790727215,0.024896792632581773,0.01584630041282947,0.11902191171800572,0.3990790727214989,0.25471578278818674,0.06544934899968244,0.03489996824388695,0.036011432200698634,0.037980311209907906,train,rottenapples
data/processed/train/fresh/freshoranges_0a8ead7be9a5.png,46480.0,817.1513637304306,0.8747238413260995,0.40231018944186286,0.990284642918016,0.7784551483888256,-0.7961079113941982,-3.7027319403767462,-5.2274420325631255,-8.174592676576488,-11.99996982287682,11.105799245741277,-11.999422973231317,237.86807228915663,13.053991399747279,157.8157917383821,28.547434937289836,75.36243545611015,42.57839797887093,15.17723752151463,2.480274666311365,174.35873493975905,44.77517764336824,237.86811531841653,13.053714946352315,0.6621186556578196,0.9315192600972872,0.5016697626706135,0.9277457990463529,0.0330895008605852,0.057508605851979346,0.04662220309810671,0.12429001721170396,0.22078313253012047,0.18029259896729777,0.09427710843373494,0.06628657487091222,0.07422547332185886,0.10262478485370051,train,freshoranges
data/processed/train/fresh/freshoranges_eed8f98d50d3.png,39263.0,811.3523743152618,0.7495046321174342,0.39929393458522566,0.9511155253021971,0.7151730418943534,-0.7831042189269041,-3.6909395966788057,-3.5693623507285235,-6.193702454558687,11.519969878822348,-8.70877109135322,11.037956218196337,229.78203397600794,16.383909322861843,156.7433716221379,34.757625203755936,94.25886967373863,57.84724336033532,15.565035784326211,17.678620535869534,149.6761072765708,66.78896893804274,229.8572956727708,16.225502422283437,0.67071224406269,0.9247045860204366,0.44086136428431244,0.9377154078744727,0.047270967577617604,0.06976033415683977,0.0458192191121412,0.10360899574663168,0.191605328171561,0.17046583297251866,0.08570409800575605,0.07678985304230446,0.08825102513817079,0.12072434607645875,train,freshoranges
data/processed/train/rotten/rottenoranges_bebff85c489e.png,38840.0,741.1097337007523,0.8886363017050241,0.4534047338949259,0.9903363165812489,0.7799823278978231,-0.794872743488443,-3.4716514946550365,-5.402957354951744,-7.42380677555852,-11.994571414411887,-9.223986327847234,-11.996837234306783,205.06076210092687,23.659542680964105,115.30054067971163,33.24156691669944,75.42245108135943,37.775332659486764,9.029093717816684,2.0295520355376917,162.53493820803297,41.051440498029194,205.06076210092687,23.659542680964105,0.6140814222883008,0.9139946296578975,0.4356962788870578,0.9023948927009441,0.05010298661174047,0.07103501544799176,0.0588053553038105,0.11869207003089598,0.19745108135942327,0.15036045314109167,0.09307415036045315,0.073043254376931,0.07131822863027806,0.11611740473738413,train,rottenoranges
data/processed/train/fresh/freshapples_e6db246c98e9.png,37859.0,910.1219244003296,0.5743542639250959,0.6403654881398086,0.928348986047424,0.7541633466135458,-0.772114794129006,-2.7212750393685368,-4.0495925767531835,-5.610075645639831,11.107988409796357,7.400059831789443,10.435650172686925,225.78507092104917,30.98641143472887,198.29958530336248,35.10591796550723,120.51705010697589,46.55692778602078,22.412187326659446,7.024686984610427,121.16112417126708,47.405908271058784,227.62312792202647,26.738347792917807,0.7572780007828628,0.9343937444717054,0.4160520085884086,0.9447612834332851,0.023904487704376767,0.0421564225151219,0.02784014369106421,0.12356374970284477,0.21780818299479648,0.24237301566338254,0.09046726009667451,0.06378932354261867,0.08896167357827729,0.07913574051084286,train,freshapples
data/processed/train/fresh/freshbanana_b188813163a6.png,34775.0,1282.1635564565659,0.2658215252224197,0.6257067753487684,0.6778752436647173,0.5780418882978723,-0.617774718526221,-2.4629032935726816,-2.730356282439799,-3.034428200297745,6.120832415142253,4.370074048074366,-6.024446563975258,204.5504529115744,77.04028789650542,174.30869877785764,66.8122808030048,80.03286843997124,47.210899152053926,20.157929547088425,7.999192358454286,137.47712437095615,64.00364375690006,204.5708123652049,77.02765454723385,0.6471926868405943,0.9594531228832599,0.5670196733484131,0.9598847392918646,0.012192667145938174,0.028727534148094896,0.006096333572969087,0.0888569374550683,0.24569374550682962,0.2071315600287563,0.044485981308411214,0.06291876347951114,0.262803738317757,0.04109273903666427,train,freshbanana
data/processed/train/fresh/freshbanana_5e1fd8f160e2.png,39624.0,1106.0214190483093,0.40704376239476464,0.23517280951911537,0.8280531639220932,0.6291920731707317,-0.7333764354859451,-4.5589068617789685,-2.864216141332663,-4.22992449301917,8.560677151407214,-6.634466300546813,7.782925329217157,199.83621037754895,78.72963909616836,166.87313244498284,69.5945207303499,86.35168079951545,51.51070543372443,18.530562285483544,8.496918998792724,128.5508530183727,62.7875467986258,199.84029880880274,78.72929712754932,0.6135211612332861,0.944254241755696,0.5093953625437875,0.9617336746857288,0.014864728447405613,0.02861901877649909,0.00981728245507773,0.09655764183323239,0.30254391278013326,0.1971027660004038,0.05047445992327882,0.05572380375529982,0.19828891580860084,0.046007470220068646,train,freshbanana
data/processed/train/rotten/rottenbanana_d89f45170c48.png,23812.0,721.3523722887039,0.5750568871592371,0.7620692386714386,0.8596389891696751,0.530996342877531,-0.7034203999503827,-2.1829811708101228,-2.6484212005226384,-3.745327811524003,7.555650345752867,5.0514509134393055,6.955473397947471,123.37397110700488,48.6223256898362,113.9746766336301,49.11005825375275,115.14870653452041,51.68559428311273,86.22639845456072,77.9286998778579,27.055182261044852,19.248000730103268,123.68877036788174,49.05532607006723,0.7582113954249083,0.8992155202320065,0.492654629958023,0.8980929636268631,0.03892995128506635,0.05677809507811188,0.049680833193347894,0.13014446497564253,0.2823366369897531,0.16441290105828993,0.07408029564925248,0.053796405173861916,0.06316143121115404,0.08667898538551991,train,rottenbanana
data/processed/train/rotten/rottenapples_ae75996c6c7f.png,35298.0,719.0681047439575,0.8578669011707137,0.3291149249260154,0.9843004935724046,0.7607655502392344,-0.7952132111966316,-4.074732997668334,-4.225945311923613,-7.926840755851242,11.99778209769963,10.559537823201943,11.996323268216983,190.7751430675959,25.5578357157244,144.58663380361494,36.31965567493326,68.068842427333,35.69161608564509,18.64587228738172,3.47419276956373,167.24310159215818,34.88283690815361,190.7757380021531,25.558728261511636,0.695789951220156,0.9379786676441759,0.4307839715906475,0.9115343870982305,0.013626834381551363,0.031814833701626154,0.017961357583999093,0.11196101762139497,0.3420023797382288,0.24868264490906,0.07555668876423594,0.04708482066972633,0.06207150546773188,0.049237917162445466,train,rottenapples
data/processed/train/fresh/freshbanana_acd850cbdcc1.png,18209.0,814.7909747362137,0.3446700446314144,0.9102848028971777,0.629415831316972,0.34361790458937197,-0.47534907202804344,-1.2513857540176243,-1.8205326574022758,-2.3583319895276325,-4.651813352434959,-3.3212030829612407,-4.555367457256429,238.18375528584767,15.671975158246754,195.68433192377395,15.284947118972868,78.4435718600692,35.2026357342546,23.210445384150695,12.725004030182385,170.4862430666154,39.20415017513335,238.23164369267946,15.581441297804414,0.6062427203620924,0.9736810865371298,0.6842725664423828,0.9582695007424529,0.02185732330166401,0.03536712614641112,0.004173760228458455,0.1038497446317755,0.09561205997034433,0.183206106870229,0.04327530342138503,0.10533252787083311,0.3501015981108243,0.05722444944807513,train,freshbanana
data/processed/train/rotten/rottenbanana_c687faa3019a.png,34906.0,906.4061968326569,0.5339052806942276,0.7119709004466918,0.8173367363664036,0.558531746031746,-0.7138327652471055,-2.365992855929997,-2.8133720850547252,-3.761668217203066,7.855816476482335,5.196977042778035,7.054538701632021,162.41437002234574,46.05057597700643,126.58508565862603,45.98231052618831,100.10886380564946,44.006287320261016,28.52715865467255,44.4926745089506,99.78702801810577,43.78452653427918,163.66618919383487,46.8097213767556,0.8058790599601738,0.8834638222149497,0.4674810270146074,0.9104195169096172,0.03930556351343609,0.0547183865238068,0.04896006417234859,0.13218357875436887,0.303071105254111,0.1550163295708474,0.0656907121984759,0.057468630034951014,0.054575144674268036,0.08901048530338623,train,rottenbanana
data/processed/train/fresh/freshoranges_23b1f9143b5c.png,42102.0,770.9087232351303,0.8902391124604898,0.44173179914754557,0.9932059447983015,0.7747883695252117,-0.7956037614376686,-3.5234661696781115,-7.14650843467257,-9.454892743896314,-11.999999371323375,-11.246919653959282,-11.99999957446975,222.70414707139804,18.800684732835556,135.2791553845423,40.43478140605739,74.70523965607335,36.625227605285524,12.464609757256188,3.9208075876691555,170.9078428578215,36.81646703946877,222.7042420787611,18.80084540904283,0.6324694860029588,0.9169073264617178,0.4049008641508942,0.9220835044624991,0.025153199372951403,0.04550852691083559,0.04833499596218707,0.15566956439124033,0.2581350054629234,0.1875207828606717,0.09389102655455797,0.05560305923709088,0.05802574699539214,0.07215809225214954,train,freshoranges
data/processed/train/fresh/freshbanana_427e9089a404.png,65536.0,1020.0,0.7915702273958504,0.0,1.0,1.0,-0.7781578772394873,-12.0,-12.0,-12.0,-12.0,-12.0,-12.0,232.41073608398438,21.38142942799095,220.60874938964844,27.12617256497237,192.71371459960938,61.957830142493066,31.204727172851562,48.123850016600436,43.99542236328125,65.58649779981234,232.5969696044922,21.393854673601673,0.1476101201659643,0.9581472868413798,0.6771346480929337,0.9067105925331604,0.008331298828125,0.0159912109375,0.00604248046875,0.0600128173828125,0.111541748046875,0.2290191650390625,0.03857421875,0.0533294677734375,0.4470672607421875,0.03009033203125,train,freshbanana
data/processed/train/rotten/rottenoranges_007c8d2027b8.png,65536.0,1020.0,0.7915702273958504,0.0,1.0,1.0,-0.7781578772394873,-12.0,-12.0,-12.0,-12.0,-12.0,-12.0,188.36831665039062,38.29625813360199,186.4584503173828,41.26438345278416,178.45907592773438,56.30580243167789,78.83210754394531,42.75657945461427,30.329513549804688,45.86515933808281,194.88967895507812,39.41055530938016,0.2918405120390174,0.8975515794003508,0.42073895379732934,0.9163293475121341,0.035186767578125,0.06622314453125,0.0580902099609375,0.1325836181640625,0.1809539794921875,0.17242431640625,0.09710693359375,0.07171630859375,0.07110595703125,0.1146087646484375,train,rottenoranges
data/processed/train/fresh/freshoranges_bab7ada27866.png,40047.0,1137.7615373134613,0.3887562243891323,0.6795977040989212,0.848813056379822,0.6801460597826087,-0.7441433914484062,-2.5332748339911992,-3.3525210757411896,-3.980664025270025,-7.6642350346587875,-5.359129669263438,8.20880202485886,223.10545109496343,44.01686776157181,136.68264788873074,32.8199625703227,73.03490898194622,40.166420724783265,13.926711114440533,6.183754265676048,170.60723649711588,42.87459223766836,223.47951157390068,43.03513212397697,0.7200691518298646,0.9257234664720467,0.46035773460070706,0.9249191042252283,0.0332609184208555,0.05955502284815342,0.03910405273803281,0.114865033585537,0.20023971833096113,0.19177466476889654,0.09723574799610457,0.07139111543935875,0.08797163333083627,0.10460209254126401,train,freshoranges
data/processed/train/fresh/freshbanana_c575755b8c6f.png,37502.0,920.7493451833725,0.5558805213644024,0.5116742617351301,0.8407200663572982,0.6299045955388336,-0.7501143088029518,-3.14444854973134,-2.9607691099180826,-4.34831922045085,8.033768064517893,5.987454617858437,-8.44107103707037,227.95376246600182,23.442802275129647,201.11500719961603,28.62413633821937,120.98293424350702,44.824664810575676,22.40675163991254,7.579875990972931,121.04943736334062,44.78211472378372,227.97050823956056,23.416079237184842,0.6723860217883889,0.942911887967848,0.4846253518482568,0.9596913902373341,0.021012212681990293,0.037651325262652656,0.012026025278651806,0.09476827902511865,0.21702842515065862,0.2731587648658738,0.06823636072742786,0.07007626259932803,0.139325902618527,0.06671644178977121,train,freshbanana
data/processed/train/rotten/rottenoranges_c6e1408056a0.png,46842.0,850.1980439424515,0.8143387309738278,0.656155730978039,0.9816215763113225,0.7876311541565779,-0.7770826072190059,-2.677637821792789,-4.012242643191513,-5.492479609473394,-10.465803698668514,-7.259686177504054,-10.325984577838753,185.8955211135306,44.06282963051074,175.12014858460356,38.77384916097004,136.20663080141753,45.105341176692626,28.82483668502626,16.275942946419782,67.5413517783186,42.5560700019366,186.4525852867085,44.40330648627863,0.6922143074740297,0.863714303107922,0.35134980147409633,0.9344121072160023,0.0475001067418129,0.0724349942359421,0.06047991119081166,0.1214508347209769,0.1999060672046454,0.156077878826694,0.08396311002946075,0.07239229751078093,0.07273387131207036,0.11306092822680501,train,rottenoranges
data/processed/train/rotten/rottenoranges_573602c7ce05.png,40875.0,805.310742855072,0.7920281992908419,0.5613654402190892,0.9761660258400401,0.8048319451828224,-0.7869421333811081,-3.030033775391371,-4.952900178838935,-6.153852440737998,-11.536185581783583,-8.058869996607413,-11.837929286952246,202.60156574923548,41.348428071335135,151.08545565749236,35.780343980647075,109.21379816513762,53.57717132591658,23.773798165137613,18.188208390961258,111.56885626911316,75.1206763222458,205.04379204892967,38.56838451492591,0.7305681201182838,0.906383814458406,0.4153969524742369,0.9094032277202122,0.029553516819571867,0.054507645259938835,0.049785932721712535,0.13394495412844037,0.24729051987767584,0.20266666666666666,0.09100917431192661,0.055412844036697245,0.05191437308868502,0.08391437308868502,train,rottenoranges
data/processed/train/rotten/rottenapples_cd4681b3f24b.png,35644.0,821.3107453584671,0.6640201973139643,0.49261060667527257,0.9418168366538076,0.8032088694594046,-0.7872742687741002,-3.2942425159376,-4.45152222674225,-5.631705497234553,-10.713178925207746,-7.300006104462088,-10.934060501370137,190.17843115250813,50.8253678987952,135.31360116709683,45.683956909672304,119.25193580967344,43.336536852165864,18.399169565705307,42.86603535787716,94.88735832117608,33.16059207191349,190.1794691953765,50.82637410395259,0.7936783707627633,0.918606886230251,0.3481446071978245,0.911561284155401,0.021518348109078666,0.040483671866232744,0.0326282123218494,0.12349904612276962,0.28058018179777805,0.24826057681517225,0.08352036808439008,0.04814274492200651,0.05667152957019414,0.06469532039052855,train,rottenapples
data/processed/train/fresh/freshbanana_840b58f24b15.png,10633.0,528.5168060064316,0.47835252903351383,0.9610611112576799,0.9263809025962711,0.5285842115728773,-0.49374826230348134,-1.1204088511129109,-3.255777046494316,-4.009109727058587,-8.04796601598467,6.372508174778553,7.677806913770053,239.0290604721151,30.83553546434251,211.93821122919215,30.845693760186638,96.38277061976865,38.61641260944715,23.704222702906048,4.5689054549633585,150.2846797705257,43.795470008868875,239.03075331515095,30.835753418096385,1.1475386124296163,0.9357852078210596,0.5858032950259,0.9370894562073786,0.022101006301137968,0.05210194676949121,0.007805887331891282,0.08125646571992852,0.29295589203423306,0.21611962757453212,0.04439010627292392,0.07260415687012133,0.13900122260885922,0.0716636885168814,train,freshbanana
data/processed/train/fresh/freshoranges_99c30d5e32e1.png,48536.0,925.8721433877945,0.7114949312977574,0.30978400873857265,0.9743445617697836,0.8315515350877193,-0.7769478176771484,-4.149008985766386,-3.353351280752026,-5.09136830029913,9.323478264640407,7.249577180782376,-9.96935516908133,232.9569803856931,18.0739375813218,176.00809708257788,30.724132968520436,94.60812592714686,56.494802369834936,16.374217075984834,9.817630054261038,150.85703395417835,63.46660337917954,232.9569803856931,18.0739375813218,0.5186324393414181,0.9573615186497758,0.47570258855059405,0.9417069352527779,0.01126998516565024,0.03416021097741882,0.016358991264216253,0.11107219383550354,0.20075820009889567,0.28642656996868304,0.08766688643481127,0.06310779627492995,0.12994478325366737,0.05923438272622383,train,freshoranges
data/processed/train/rotten/rottenapples_4dec850515a8.png,41995.0,925.1513620615005,0.6165692543069087,0.6558707353009273,0.9078429677028839,0.7262052984713288,-0.7661003942042671,-2.6566350038081405,-4.509873563439718,-5.4354798415859085,-10.609870992404668,-6.779922690517472,10.492530293264997,190.23286105488748,45.918849370482775,130.27408024764853,53.09515869234258,96.66384093344446,49.684877544509476,26.864364805333967,46.60180817679283,126.97583045600666,52.2610436156153,190.36782950351233,45.8724309095725,0.7650437591392312,0.8994880371565305,0.36620141029060993,0.9215031500730271,0.030551256101916894,0.05279199904750566,0.04762471722824146,0.12484819621383499,0.2773425407786641,0.1861173949279676,0.079485653053935,0.05624479104655316,0.06257887843790927,0.08241457316347184,train,rottenapples
data/processed/train/fresh/freshbanana_6397e9ccd0dc.png,25733.0,1046.1147850751877,0.29548919419363723,0.8423241832134208,0.736132963354979,0.5647164676966292,-0.5962721524784216,-1.7121364940540986,-2.144029799989871,-3.0069987311963184,-5.795261781335643,-4.120240199765733,-5.684714087909869,175.5696964986593,113.37687982600224,160.92356118602572,103.97163548255924,82.02782419461391,57.253242568018266,17.716745035557455,12.229286505536814,95.7447635332064,66.33833983115959,175.57292192904052,113.37903782517994,0.6357675026635646,0.9702207997655455,0.6513507607069557,0.9672868392075628,0.012046788170831229,0.03128278863715851,0.0024093576341662456,0.07270819570201686,0.05786344382699258,0.13014417285197996,0.026386352154820658,0.0738740139120973,0.5482065829868262,0.0450783041231104,train,freshbanana
data/processed/train/fresh/freshoranges_1b78f6f3794b.png,43318.0,779.8376553058624,0.8950964970124837,0.2514271633764893,0.9923713087901767,0.7846184498904164,-0.7978647634529432,-4.568243276704961,-5.678098434680689,-9.17219902929651,-11.999995682976879,-11.638293660411334,11.999989935575666,240.77854471582253,10.564904939806274,163.39450113116948,23.59792914226864,77.93663142342675,33.25671888042723,15.811048524862644,2.111216071840259,172.7936885359435,33.76744297199714,240.77854471582253,10.564904939806274,0.6910654241202142,0.9317076932128748,0.5490953956440039,0.9258779444398668,0.01615956415346969,0.0378595503024147,0.025762962278960248,0.13599427489727134,0.24837250103882913,0.21960847684565307,0.08352186158179048,0.06334549148160118,0.11387875709866568,0.05549656032134448,train,freshoranges
data/processed/train/fresh/freshoranges_1688cb57e52f.png,48580.0,903.6711337566376,0.747560860203511,0.5257985897621714,0.9631054102813188,0.8434027777777777,-0.7814886275905732,-3.15254022577454,-3.9094383836182383,-5.180321102813393,-9.751558410513967,-6.8667629134766965,-10.171519632994231,220.80368464388638,34.490794095310186,148.25969534787978,39.64261653536146,89.02951832029642,45.65054710541386,20.730588719637712,30.02769064614565,152.76529435981885,50.99047325963831,223.0473857554549,28.9874218254015,0.5458376050040882,0.9190565932304586,0.4046945315244951,0.9266492960000071,0.027192260189378346,0.05360230547550432,0.044298065047344584,0.12624536846438864,0.2595100864553314,0.19787978592013175,0.08859613009468917,0.05817208727871552,0.05726636475916015,0.08723754631535612,train,freshoranges
data/processed/train/fresh/freshbanana_e79cfc9e817c.png,19207.0,844.3645664453506,0.3385395405683205,0.7823164514645737,0.5783673100665482,0.37786740114105843,-0.4990335617251017,-1.7093042939855938,-1.8374596118647395,-2.4446645498149886,4.921182838985995,3.3866567152212856,4.63783514203017,239.71031394803978,18.719259956816472,212.89493413859532,19.698722594197864,96.39537668558339,32.39960564986764,24.606341438017388,4.077441554513795,152.67902327276514,33.33733403095424,240.05112719321082,17.729068576874536,0.6796896534289865,0.962896188235447,0.6582814205066942,0.9603491562022372,0.02790649242463685,0.04540011454157338,0.008486489300775758,0.09142500130160879,0.14702972874472847,0.26193575259020146,0.0653407611808195,0.0852814078200656,0.19112823449783933,0.07606601759775082,train,freshbanana
data/processed/train/fresh/freshoranges_6f8fa6172594.png,65536.0,1020.0,0.7915702273958504,0.0,1.0,1.0,-0.7781578772394873,-12.0,-12.0,-12.0,-12.0,-12.0,-12.0,214.92050170898438,38.74748129535037,170.37586975097656,40.078908945600055,111.96943664550781,73.27267758923445,18.533172607421875,11.042196926201918,125.29093933105469,76.28039301853079,217.07388305664062,35.034922644747766,0.11203668087559826,0.9479125223535598,0.483246963541913,0.9631441781750842,0.01220703125,0.03704833984375,0.02783203125,0.1065521240234375,0.19598388671875,0.234710693359375,0.076751708984375,0.051727294921875,0.1931304931640625,0.064056396484375,train,freshoranges
data/processed/train/rotten/rottenapples_3d0e436e6940.png,34029.0,707.2102391719818,0.8549918423729707,0.04595799037482206,0.9862620641683332,0.7572938689217759,-0.797386152876502,-7.54645511925465,-6.127048516584384,-9.342593947914798,-11.999996676921546,11.970911202726217,-11.999998559499854,181.99162479061977,34.23024249262506,116.14925504716565,35.8493731115069,84.23086191189867,33.79037561103582,11.589937994063886,18.56825356354029,140.05116224396838,30.899065335005044,181.99168356401893,34.23033865893899,0.7579583925684394,0.889801601788161,0.3922154706055455,0.8867987388503733,0.025889682329777543,0.048664374504099446,0.050456963178465424,0.14032149049340267,0.3275735402156984,0.17605571718240323,0.07972611595991654,0.04628405183813806,0.038261482852860795,0.06676658144523788,train,rottenapples
data/processed/train/rotten/rottenbanana_760a60e77111.png,57346.0,1150.901581287384,0.5440472518207778,0.5128862017283523,0.950916990017577,0.875030517578125,-0.7643698655013508,-3.1682291749561196,-3.72158845761314,-5.2215986887941765,-11.198621302751,-6.822700278659717,-9.691204332288288,142.89592996896036,92.41267659518775,130.94691870400726,94.14005128399785,106.15026331391901,92.66194646693347,20.279984654553065,17.641539442402188,73.72627559027657,84.67367122848144,143.1097199455934,92.59909162619044,0.8596891745657999,0.8782883278779059,0.4196012190140755,0.9478171060069116,0.015014124786384404,0.02638370592543508,0.02629651588602518,0.11814250340041153,0.14372406096327556,0.1487113312175217,0.04448435810692986,0.06666550413280786,0.3706099815157117,0.039967914065497157,train,rottenbanana
data/processed/train/fresh/freshbanana_c4decf014de9.png,35336.0,859.8792850971222,0.6005542944096546,0.7521605688257067,0.8424164401849997,0.5839116927754643,-0.7180972617297859,-2.2442047036901203,-3.028014301769654,-3.9634431730652544,7.850400133330775,5.346397972768063,7.498314807872458,227.53132782431516,30.53896257619586,208.65063957437175,33.21008728853166,107.83317296807787,38.16240169263625,25.365859180439212,8.883739200304325,134.00922571881367,40.2865728502113,227.80439212134934,30.10107302015491,0.658792152235316,0.9456080675366669,0.5603890507561256,0.9623506361577461,0.02303599728322391,0.03625198098256735,0.014036676477247,0.0938985736925515,0.21009735114330993,0.2376330088295223,0.057222096445551277,0.07298505773149196,0.18496717228888385,0.06987208512565089,train,freshbanana
data/processed/train/rotten/rottenapples_22c85638633a.png,50906.0,1681.7960268259048,0.22616853916330507,0.255170993144587,0.8083140144177332,0.776763916015625,-0.7234078212313582,-4.39280197252304,-6.813371937287512,-4.07684928355184,-9.87115206560139,6.665298313308125,9.568076661491709,166.77977055749813,95.4634120172613,125.60244371979728,74.6330080380898,68.67410521353082,45.93430040555487,13.113994421089853,8.74734020153247,114.87042784740503,69.29913988037865,166.78069382783954,95.463949672479,0.7356864669978063,0.9098694165587009,0.47473969402096133,0.9409100769592152,0.014988410010607786,0.03025183671865792,0.03205908930185047,0.11476053903272698,0.2593800337877657,0.1505323537500491,0.056692727772757634,0.030428633167013712,0.25947825403685226,0.05142812242171846,train,rottenapples
data/processed/train/fresh/freshapples_1c9692e5568b.png,31815.0,711.31074488163,0.7901745784388539,0.5473242980218613,0.9669624946811743,0.7611244019138756,-0.7887913903423558,-3.085724504595901,-4.444508947087775,-6.283413805365058,11.811600820206614,8.580764614067505,-11.496778566473996,231.219801980198,17.23064085506821,124.06217193147886,34.45530306021401,108.77617476033318,34.988900213597816,47.24026402640264,73.78709159971145,138.03602074493165,34.10927550498033,231.2200220022002,17.23092352812169,0.7218835810716416,0.9248129617680234,0.4323284454528169,0.9094146321962349,0.024485305673424485,0.0435014930064435,0.039509665252239506,0.1371051390853371,0.29102624548169104,0.19343077164859343,0.09196919691969196,0.053936822253653934,0.05535124941065535,0.06968411126826968,train,freshapples
data/processed/train/fresh/freshapples_e54f12ac5162.png,40560.0,923.8204100131989,0.5972177466376861,0.5064139684329957,0.9226359727940675,0.7013175640626621,-0.7834105101069195,-3.2316645821772747,-4.250661450608916,-5.423669828159787,-11.031515748462878,-7.107701673587512,-10.257928725420397,176.95288461538462,43.86669530143714,105.97830374753451,60.53394953278599,111.22260848126233,56.89766911041092,140.76873767258382,69.3162233927294,110.46047830374754,54.48183125638522,176.9531311637081,43.867117655471155,0.7832931048308994,0.8867236760086896,0.37584196598951625,0.9141586510222761,0.0391025641025641,0.053895463510848125,0.058653846153846154,0.1427268244575937,0.20613905325443788,0.1608974358974359,0.08419625246548323,0.06955128205128205,0.08656311637080868,0.0982741617357002,train,freshapples
data/processed/train/fresh/freshoranges_cda6a6005759.png,56827.0,1330.8599535226822,0.40318083447907216,0.5416350914831984,0.8742346389341866,0.8671112060546875,-0.7514030607771338,-3.0322584241956565,-5.405568720011957,-6.009781793513216,11.60703727162318,-7.545638757576822,11.652068490738936,179.26278001654143,96.3529274030834,127.39841976525243,67.0978176550931,70.84167737167192,56.545973676811634,14.426909743607792,13.076855736002633,126.54183750681894,75.2673396832289,181.64418322276381,94.75585968125306,0.6087935097089874,0.9526112711225061,0.5490787003765168,0.9443100246677857,0.015432804828690588,0.036989459235926586,0.03216780755626727,0.10679782497756349,0.17148538546817535,0.1799144772731272,0.07716402414345294,0.04293733612543333,0.266563429355764,0.07054745103559927,train,freshoranges
data/processed/train/fresh/freshoranges_97e6db90fa57.png,44919.0,910.6660836935043,0.6806465049227997,0.5748091156812256,0.9504856217863265,0.7546875,-0.7793703632676656,-2.9658681394947752,-3.6310917758121586,-5.207506379108197,-9.967567028163105,-6.998913683435495,9.674388193680917,219.86159531601328,50.28959402915476,154.2814399251987,28.688355670435204,86.57064939112625,40.3904614933081,18.203321534317325,11.845210090153559,155.97675816469646,42.50495031835154,224.62839778267548,38.958009035279154,0.7223347851781166,0.8999904236989703,0.4248301996045346,0.9243288661814175,0.03880317905563347,0.06907989937442953,0.057792916137937175,0.12215320910973085,0.19806763285024154,0.1709076337407333,0.09701907878625972,0.06745475188672945,0.06640842405218282,0.11231327500612213,train,freshoranges
data/processed/train/rotten/rottenapples_bccd99acdddf.png,31286.0,731.0681030750275,0.7356042561937763,0.4850374994727442,0.9557938471878532,0.769927402485542,-0.7910400540307507,-3.332339623961377,-4.908806218273665,-6.823171182698355,11.919187641338938,8.6890600798775,-11.998007634884367,201.59026401585373,49.662099488734604,115.35287348973982,45.481729121063,76.9501374416672,40.624883996375445,12.760723646359393,24.722589731832784,157.38547593172666,42.91791348424782,201.59048775810265,49.662265133468196,0.8949223424709656,0.8913520013944055,0.3625373094119928,0.8859735492712546,0.018314901233778685,0.03678961835964968,0.029853608642843445,0.12913124081058622,0.395448443393211,0.20299814613565173,0.06594003707728696,0.038515629994246625,0.03161158345585885,0.051396790896886785,train,rottenapples
data/processed/train/rotten/rottenbanana_58a42cf69579.png,39543.0,1877.0092270374298,0.14104141737554293,0.41631202484605984,0.6199808720465342,0.6033782958984375,-0.5425053099946856,-3.1306617893725384,-3.701606286609946,-2.6924086964020386,-6.419365759705056,-4.501932437835483,5.909208070391975,135.56548567382345,91.85120307558397,119.00847179020307,89.42883528810343,85.57185848317022,90.16899020018447,16.366841160255923,22.50297425998947,88.455984624333,88.9387280134354,135.66464355258833,91.88569146409407,0.9843801963482873,0.8975903209430937,0.5505337863329965,0.9290239844757977,0.016614824368409074,0.03441822825784589,0.02807070783703816,0.09660369724097817,0.18116986571580304,0.1757074577042713,0.048301848620489085,0.0403611258629846,0.32779505854386365,0.05095718584831702,train,rottenbanana
data/processed/train/rotten/rottenbanana_4be9793604b2.png,39945.0,1050.5483303070068,0.45482069324593577,0.4679616884714264,0.8698634611615601,0.7468868030365357,-0.7619862229460765,-3.3444648698214827,-3.5707310471306672,-4.6598019034427205,-9.217833751514997,7.663740671317905,-8.804963650309487,182.67470271623483,57.27319904418341,159.31843785204657,69.19659470487146,140.1940668419076,73.42341528405512,33.51603454750282,54.6228695610243,69.26906997121041,53.967843917862815,182.7465264739016,57.309507820107974,0.9724552072420587,0.9026536808764315,0.3643309511036407,0.9327803717445537,0.01967705595193391,0.04100638377769433,0.03534860433095506,0.12181749906120916,0.22716234822881462,0.2026786831893854,0.06679183877832019,0.05920640881211666,0.1677306296157216,0.05858054825384904,train,rottenbanana
data/processed/val/fresh/freshapples_f1e3c5897d0c.png,38323.0,819.7127643823624,0.7167141312864472,0.5133531458350905,0.9528581018921405,0.8078885234842735,-0.7874952480833908,-3.212659427390588,-4.648273683054916,-6.216532025495742,-11.49494721678808,-7.825174231781495,-11.839587751309239,169.15935600031312,29.259932819983764,196.17441223286278,26.42042455798086,103.30535187746263,41.039632182296415,40.981995146517754,13.632474624714368,123.37818020509877,39.670714950344795,196.28669467421653,26.49170196172184,0.7219100929613673,0.9250888065259958,0.4407811444813256,0.9218691965919135,0.02353677947968583,0.05083109359914412,0.04495994572449965,0.14443023771625393,0.23917751741773868,0.183675599509433,0.09816559246405553,0.06526107037549253,0.0667745218276231,0.08318764188607364,val,freshapples
data/processed/val/rotten/rottenbanana_e8514c2dda28.png,23382.0,905.6193999052048,0.3582614552474398,0.7783439424271075,0.5934065934065934,0.4065091534971053,-0.5510893865417221,-1.826130711162631,-1.932479647609742,-2.571813594567001,5.188030285818869,3.6211880233320164,4.8689169949404745,176.35694123684885,65.80724236150587,142.17705927636644,58.70539616073077,93.59887947994183,41.7621000453588,18.829826362158926,19.64433116130679,115.85001283038234,40.173256734108435,176.36951501154735,65.78422366394756,1.0609404487485719,0.8594747788498851,0.5939378967932512,0.9024208982811399,0.055384483790950303,0.08224275083397485,0.07069540672312034,0.12697801727824823,0.20626978017278247,0.1423744760927209,0.07569925583782397,0.0685570096655547,0.057693952613121206,0.11410486699170302,val,rottenbanana
data/processed/val/rotten/rottenapples_19b6859640a1.png,32849.0,690.4234410524368,0.8659662399412372,0.3697226546807057,0.9838564753803761,0.7279395470460488,-0.792430639382014,-3.8539249975360312,-4.036963455336149,-7.336195840850075,11.9665878977905,-9.278320703303491,-11.97836760867708,142.51024384303938,40.20698933043681,83.92352887454717,36.695630931944784,66.09172273128559,32.877313361271554,7.666230326646168,10.980917625503197,140.04575481749825,29.025758111486898,142.51030472769338,40.20686590084088,0.8365259597991318,0.8546620893579849,0.3688134575275939,0.8219784161760558,0.042984565740205184,0.06243721270053883,0.05960607628847149,0.12530061797923833,0.3000395750251149,0.13321562300222228,0.0623458857195044,0.06158482754421748,0.06109775031203385,0.09138786568845322,val,rottenapples
data/processed/val/rotten/rottenbanana_8faebdebc523.png,65536.0,1020.0,0.7915702273958504,0.0,1.0,1.0,-0.7781578772394873,-12.0,-12.0,-12.0,-12.0,-12.0,-12.0,125.22479248046875,81.95638476947137,123.31407165527344,84.18242894159263,117.93994140625,89.3147163396411,59.80421447753906,49.530139860276456,34.594757080078125,44.53569357600857,128.2067108154297,84.43516506250596,0.3931078390338399,0.9186105710102324,0.40279639077798146,0.9694498453842342,0.0112152099609375,0.0238189697265625,0.020294189453125,0.1024322509765625,0.162261962890625,0.1254119873046875,0.0362091064453125,0.062835693359375,0.4205322265625,0.0349884033203125,val,rottenbanana
data/processed/val/fresh/freshoranges_e3f24eb07e18.png,51775.0,1004.2985526323318,0.6450662171406758,0.6395170163766508,0.9466649601404228,0.8057613296812749,-0.774901980647585,-2.7297457204384794,-5.530885719625764,-7.269100097590644,-11.991095741242477,-9.07865000715849,-11.99763219761127,225.29371318203766,37.7372159796229,154.46821825205214,29.127470379726763,77.67909222597778,42.16104809171412,16.73691936262675,11.202494702710247,167.70601641718977,46.64668898182736,228.25295992274263,29.740542275337628,0.5731706397465399,0.9266357383052017,0.44598826881872683,0.9300417345809409,0.022597778850796717,0.04828585224529213,0.03202317720907774,0.11795267986479961,0.2263640753259295,0.20878802510864317,0.09037180106228875,0.0689908256880734,0.10217286335103815,0.08245292129406084,val,freshoranges
data/processed/val/fresh/freshbanana_16c889040e81.png,65536.0,1020.0,0.7915702273958504,0.0,1.0,1.0,-0.7781578772394873,-12.0,-12.0,-12.0,-12.0,-12.0,-12.0,131.6790008544922,67.58498070143591,173.0561981201172,71.14091734858377,173.99728393554688,79.14256243746276,75.27339172363281,36.788300702940674,86.77908325195312,45.61349845117847,188.32330322265625,76.47680729876504,0.16178130824602405,0.9716706490390313,0.5211886089982984,0.9796609503451509,0.0016326904296875,0.010162353515625,0.0012969970703125,0.075439453125,0.1455078125,0.17523193359375,0.0294036865234375,0.0549468994140625,0.4913330078125,0.015045166015625,val,freshbanana
data/processed/val/rotten/rottenapples_991c920abeba.png,38852.0,824.9087244272232,0.7174827274915982,0.47885908765412494,0.9504378883507021,0.7156646035956381,-0.7887739227316922,-3.3530039281700654,-4.258054036205057,-5.617685646456565,-10.686424391071723,-7.468552222797419,-10.682673584864435,164.91591166477917,40.72407368093215,94.29105322763307,40.63530374289725,77.27463193657984,41.655470306506004,13.217775146710594,33.62235783941599,138.31581385771645,45.42581771596836,164.91637496139194,40.724791346847276,0.7299682489745185,0.9017007952132947,0.40418144385558186,0.8756628806984734,0.04300936888705858,0.0642180582724184,0.060357253165860186,0.1258879851745084,0.23584371460928652,0.16073818593637393,0.08722845670750541,0.0625193040255328,0.059559353443838156,0.10063831977761763,val,rottenapples
data/processed/val/rotten/rottenapples_01fd368277b2.png,49421.0,1081.8965299129486,0.5305788537475923,0.6760319165793158,0.9191184675469593,0.7541046142578125,-0.7586322253788569,-2.574116720709989,-4.154551437892684,-5.082863157913145,-9.803432065648053,-6.424405721156314,-9.906815792501034,149.55272050342973,61.17378394762654,102.76603063475041,55.48708688437956,83.25068290807552,49.684214199254,8.240120596507557,4.875266744781215,109.99384876874203,47.587310027320584,149.55274073774305,61.17381833000802,0.5569752361982406,0.9282407524336072,0.399640031990693,0.9285998656649348,0.021023451569171,0.04087331296412456,0.0367859816677121,0.12019182129054451,0.2973837032840291,0.1811982760365027,0.07343032314198418,0.04744946480241193,0.12162845753829343,0.06003520770522652,val,rottenapples
data/processed/val/fresh/freshapples_3e3cd8e3ae82.png,32468.0,825.0508575439453,0.5993823653509502,0.806737162114422,0.9043759226762486,0.579072214592734,-0.7037601790901339,-2.0407287736716033,-2.845284928033426,-3.7290728399899487,-7.063662940984241,-4.892227793441869,7.369932024601494,144.29268818529013,38.87064276604846,86.34372305038808,57.29829345629499,75.6719539238635,50.07677885383324,129.97437476900333,67.6339117836269,146.6054268818529,52.04005660835345,149.98127386965626,35.45484499280849,0.6931708258522287,0.90906044511767,0.46459991518194665,0.884521434968868,0.049156092152273005,0.061691511642232355,0.04616853517309351,0.1123567820623383,0.21168535173093508,0.1491314525070839,0.08014044597757793,0.07743008500677591,0.10219292842183073,0.1100468153258593,val,freshapples
data/processed/val/fresh/freshoranges_4a8b3bbca20b.png,42949.0,1289.7026586532593,0.3244768596992626,0.38408359462898817,0.8306386106061192,0.6904095936213992,-0.7370354331836835,-3.6718747926101645,-3.009748479354209,-3.943697337149456,7.858164858575958,6.611590267193074,-7.4514442089155555,188.78660737153368,76.31403642668685,103.56324943537685,51.32166209218664,58.718619758318006,45.67957620246005,11.341032387249994,11.691847251468884,153.74052946517963,74.1230639371115,189.66246012712753,75.69376068726665,0.7396594934210625,0.9359875543146603,0.49493270092808417,0.9128715385885701,0.017322871312486905,0.03492514377517521,0.02058255139816992,0.10410021187920557,0.2609373908589257,0.19905003608931524,0.07834873920230971,0.05166592935807586,0.1764651097813686,0.05660201634496729,val,freshoranges
data/processed/val/rotten/rottenapples_b59fe3309d62.png,35519.0,751.352373957634,0.7906481668216647,0.572432191954866,0.9710481710317678,0.7209344807988959,-0.7816610259501143,-2.979065341556674,-3.7549148068816063,-5.260138149115247,-10.132878436856968,-7.314091351953165,-9.80822321674102,203.45313775725668,35.97189207254929,176.4236887299755,59.063987352669,120.4979306849855,49.99609985011452,20.9267997409837,7.24928202296337,109.71054928348208,43.070431992606466,203.45313775725668,35.97189207254929,0.7068887616222665,0.9326154421203778,0.41620315165573607,0.9501951015700798,0.02502885779441989,0.04442692643373969,0.0258171682761339,0.1160224105408373,0.23322728680424562,0.21436414313466032,0.08077367042991075,0.07004701708944508,0.10557729665812664,0.08471522283848082,val,rottenapples
data/processed/val/rotten/rottenbanana_fc9e8b446ef0.png,65536.0,1020.0,0.7915702273958504,0.0,1.0,1.0,-0.7781578772394873,-12.0,-12.0,-12.0,-12.0,-12.0,-12.0,120.58384704589844,55.940278941517086,100.28103637695312,51.83864882465487,79.25869750976562,47.52030591784203,16.540008544921875,16.694274714748992,99.29225158691406,46.9399071299584,120.59988403320312,55.94332772313874,0.3975099308850112,0.8433150203230455,0.30888656790467156,0.927394657393402,0.043792724609375,0.07135009765625,0.0599365234375,0.1277313232421875,0.2295379638671875,0.1453857421875,0.07568359375,0.07659912109375,0.0655059814453125,0.1044769287109375,val,rottenbanana
data/processed/val/fresh/freshoranges_83cc3a5f0bde.png,45008.0,795.4356347322464,0.8939011433031134,0.19671790503204994,0.9930060672917815,0.7622144320818304,-0.7978677747165227,-5.005448914250562,-6.550892235651439,-10.418687939936602,11.999999959917474,-11.966415217626285,-11.999999966686907,224.6837228937078,18.932673243466184,145.44096605047991,26.98106221656999,78.2416014930679,28.352079328858913,14.035304834696054,2.9498372395769112,167.10675879843583,28.01853978089065,224.79619178812655,18.21027338547583,0.5763437100120176,0.9287629274081041,0.4841684502915493,0.9303023586283793,0.04021507287593317,0.0675879843583363,0.05627888375399929,0.12435567010309279,0.18183434056167794,0.17576875222182722,0.10264841805901173,0.06394418769996445,0.06920991823675791,0.11815677212939922,val,freshoranges
data/processed/val/fresh/freshoranges_9aa364e56d01.png,44760.0,965.4945077896118,0.6033930819815597,0.5429854442769719,0.9370878258138805,0.7806069061737008,-0.7821266879331086,-3.088634364810122,-3.7728720365031196,-5.295604545374935,-9.830892540018692,-6.841829930463891,-10.677894365194112,227.03567917783735,40.196607419001154,168.4695710455764,19.770556408701754,86.70576407506702,33.229516698283994,18.778954423592495,10.400295777426646,158.70960679177838,35.1679131458995,230.54908400357462,30.98139059269535,0.6022188847190462,0.9517750496504415,0.5555430718507464,0.9361030517358431,0.01794012511170688,0.048793565683646116,0.03348972296693476,0.13313226094727434,0.23478552278820375,0.2317917783735478,0.10158623771224308,0.052792672028596964,0.06476764968722074,0.08092046470062556,val,freshoranges
data/processed/val/fresh/freshoranges_92b75e26a16e.png,44934.0,938.1391699314117,0.6415793929612058,0.527857118213679,0.9442296377237959,0.7578681059200539,-0.7686690096026412,-3.119019365484451,-3.2674851570789256,-4.553782697026185,-8.601124780698578,-6.497516801867802,-8.629293787876144,194.0318467085058,64.7663187580913,117.57624515956736,55.932395473477776,75.16802421329061,66.39811246204515,21.07595584635243,35.90057813287718,147.16697823474428,78.44116312003172,194.4161659322562,65.01406452688126,0.6331252574107749,0.9457047357700147,0.4517362831852497,0.9324858555396974,0.01304134953487337,0.028864556905683892,0.016757911603685404,0.1167935193839854,0.22648773757065918,0.19252681710953842,0.06629723594605422,0.06462812124449192,0.22757822584234655,0.047024524858681624,val,freshoranges
data/processed/val/rotten/rottenbanana_85b22871f97d.png,65536.0,1020.0,0.7915702273958504,0.0,1.0,1.0,-0.7781578772394873,-12.0,-12.0,-12.0,-12.0,-12.0,-12.0,71.86845397949219,42.08669687008634,62.230926513671875,37.5745712729077,61.33271789550781,37.6218528240221,44.79429626464844,66.85838039005327,41.07188415527344,25.7394192940367,72.9227294921875,43.006845807949,0.11163955228810203,0.949763987649427,0.48977929981230456,0.9533902517313053,0.009765625,0.0249481201171875,0.0216064453125,0.1063995361328125,0.2605133056640625,0.189178466796875,0.0619049072265625,0.0457000732421875,0.236724853515625,0.0432586669921875,val,rottenbanana
data/processed/val/fresh/freshbanana_a1b0c8448a34.png,65536.0,1020.0,0.7915702273958504,0.0,1.0,1.0,-0.7781578772394873,-12.0,-12.0,-12.0,-12.0,-12.0,-12.0,130.03810119628906,85.0671629278332,115.95075988769531,78.24769370509992,77.57093811035156,52.93753692496377,37.83897399902344,49.06940351458639,80.599365234375,64.80243211745457,131.38604736328125,85.29303404816031,0.23584704113390864,0.9323236843938696,0.36628685793719024,0.9758130537153895,0.0132904052734375,0.0272674560546875,0.0226898193359375,0.1034698486328125,0.265625,0.16937255859375,0.0495147705078125,0.051300048828125,0.2445068359375,0.0529632568359375,val,freshbanana
data/processed/val/fresh/freshapples_c051f4513a56.png,37707.0,861.9797909259796,0.6377312182505156,0.6491070097064539,0.923240781548406,0.7114528301886792,-0.7594189739979592,-2.666150010835704,-3.284815933560574,-4.390456431051367,-8.229311323746076,-5.770082282595507,9.340475507908295,155.97416925239347,37.89961267985298,81.92892566366987,60.25188056256721,75.09979579388443,50.60177959141384,140.8864932240698,67.40614165663607,151.03866656058557,51.73276764803452,160.08475879810115,36.76061989814458,0.6472295993444703,0.9262694120772754,0.4137088059879699,0.9000085862552177,0.026705916673296734,0.039939533773569895,0.02689155859654706,0.10791099795793885,0.2398758851141698,0.21070358288911872,0.07152518100087517,0.06770626143686849,0.14392553106850187,0.06481555148911343,val,freshapples
data/processed/val/fresh/freshoranges_f7e6eb0f5d59.png,58912.0,1054.1909050941467,0.6661547066474783,0.48120963882882567,0.972771255428411,0.89892578125,-0.776839461716039,-3.3195209760095827,-3.829137611994141,-6.135598439252767,-11.460543520287436,8.20203574857952,-11.085530149263882,202.32103815860944,65.84426700461677,153.7572990222705,66.76569475425514,124.09268060836501,81.21053986460215,13.092375067897882,23.769469882914688,90.57991580662683,84.38323417847965,202.322260320478,65.84474698039527,0.378168191132622,0.962780737356925,0.4116771968884513,0.9643299071359941,0.0032251493753394896,0.017925040738728953,0.006365426398696361,0.0970600217273221,0.2401038837588267,0.2744771863117871,0.06696428571428571,0.05559139054861488,0.20771659424225963,0.030571021184139055,val,freshoranges
data/processed/val/rotten/rottenapples_d3f46a1b9ec1.png,34147.0,808.2985510826111,0.6567783343935492,0.5031097900361334,0.9303852651081685,0.7029313681090206,-0.7835607618273879,-3.244996862780268,-4.1836228342986805,-5.455317135704975,-10.574442722796105,-7.572704489753695,10.323167550793423,182.33748206284594,53.53165256518578,92.77356722406068,59.445986580912304,63.55428002459953,56.61738133274546,8.157700530061206,8.9659726822552,171.69774797200338,57.02767505797373,182.33751134799545,53.531553635715696,0.7708244855479565,0.9178531776099289,0.3876888787208582,0.906740376771574,0.01352973906931795,0.034615046709813455,0.02427738893607052,0.11614490291972941,0.36471725188157084,0.24368172899522653,0.06969865581163792,0.04152634199197587,0.04322488066301578,0.04858406302164173,val,rottenapples
data/processed/val/fresh/freshapples_46bf96ee399a.png,48028.0,989.1097333431244,0.6169009156531575,0.4753991849468746,0.9405451981826727,0.7534513052208835,-0.7849932830103595,-3.3596579177574903,-4.163450064866117,-5.467110781197804,-10.379777872829255,-7.149386768923906,10.472841471730385,167.2276588656617,53.04340712505761,89.43674523194802,60.29611745069971,92.83861497459814,62.46695138635059,102.38279753477138,85.61220277701975,123.50841175980678,61.86771983912018,167.25376863496294,53.077391452311325,0.6761655981448674,0.9064469389599707,0.3863593311259456,0.9146702736802105,0.03173148996418756,0.052240359790122426,0.054572332805863245,0.1332556008994753,0.24966686099775132,0.1504747230782044,0.08499208794869659,0.05746647788789873,0.10171150162405264,0.08388856500374782,val,freshapples
data/processed/val/rotten/rottenoranges_6ee5766b7ebe.png,45314.0,863.3523752689362,0.76395202775021,0.4539461845629513,0.9672145144076841,0.8212628679135856,-0.7911651997761797,-3.461925288375528,-5.340458329396716,-6.128184146652284,-11.625352343278207,-7.921726186312571,11.962354071429141,197.59584234452927,30.30860611656619,163.15447764487797,38.812669107322165,140.1411704991835,59.176252681394146,42.35750540671757,44.894027238560696,74.12883435582822,76.43101985379805,200.39387385796883,27.62029271727749,0.65655174852687,0.9094379719061941,0.40726282109895673,0.9224707673789354,0.03140309838019155,0.059142869753277136,0.05250033102352474,0.12901090170808138,0.23992585073045858,0.1950611290109017,0.09184799399744009,0.056649159200247164,0.05874564152359094,0.08571302467228671,val,rottenoranges
data/processed/val/rotten/rottenoranges_a13df05fd79e.png,32527.0,727.4112482070923,0.7724917480495698,0.6517233890017915,0.9668281663347502,0.7404279535624858,-0.7756582276690529,-2.689765855463539,-4.070703379074471,-5.588098847259626,-10.50560348507474,-6.972432501500818,-10.612030827098545,238.57653641590065,15.036790140323435,179.2553570879577,33.73263653783609,91.43176438036093,52.32354521030719,16.922372183109417,8.416471745430197,157.2176038368125,56.196534915229904,238.57653641590065,15.036790140323435,0.7945815385691739,0.9297302520545829,0.4410155332413946,0.9350490156763535,0.032034924831678295,0.05825929228025948,0.04491653088203646,0.1257109478279583,0.20100224428935962,0.17969686721800351,0.09542841331816644,0.06450026132136379,0.1002244289359609,0.0982260890952132,val,rottenoranges
data/processed/val/rotten/rottenbanana_3fc722630c13.png,39167.0,1139.7859202623367,0.37886422345286225,0.3153830455568884,0.8783217096853766,0.6498589679774349,-0.7839236227612703,-4.13024494295434,-3.8190608214551798,-6.51879193818601,11.893602912292932,9.315745852406403,-11.5180384666428,61.169887915847525,42.8029074980354,56.70071744070263,42.59172383642306,55.439247325554675,40.764012065541166,71.89723491714965,62.74181649281625,40.769525365741565,31.534097063223516,62.626241478795926,42.513183064389374,0.9606913474642732,0.8921639022757879,0.5404822583316882,0.6906685492743083,0.04128475502336151,0.07059514387111598,0.04764214772640233,0.11315648377460617,0.24071284499706386,0.15541144330686546,0.08310567569637706,0.07491000076595093,0.07133556310159063,0.10184594173666607,val,rottenbanana
data/processed/val/rotten/rottenapples_3b51a853295e.png,35836.0,836.1808006763458,0.6440639759848615,0.3665473657014487,0.9147203716466294,0.6301389133110603,-0.7844614056597107,-3.854059496834058,-3.9332114150203568,-5.3334054169324645,10.606849621994293,7.73774795760519,-9.97335811476373,157.6897533206831,44.2395730365112,98.17398705212635,49.186275667050914,72.22499720951,52.89536781785431,10.788815716039737,8.23254521304001,145.16103917847974,56.973008014573175,157.79308516575512,44.230687794637575,0.8050045040752466,0.886312453457724,0.42004426769343745,0.8853319114066334,0.03940171894184619,0.05991182051568256,0.05740037950664137,0.13249246567697287,0.2541578301149682,0.1617368009822525,0.08265431409755553,0.06208840272351825,0.059409532313874316,0.09074673512668825,val,rottenapples
data/processed/val/rotten/rottenoranges_34cf86191dec.png,63902.0,1214.8944420814514,0.5440605352083291,0.23372826810695457,0.975067138671875,0.975067138671875,-0.7713276728868756,-4.645815280615108,-5.278561445005664,-6.726716854917358,-11.953846490216621,-9.197001923533975,11.939675982118937,205.13115395449282,37.06776853493186,173.6878188476104,48.588953890207364,140.84133516947827,69.76661289213007,17.468138712403366,7.204739804278469,83.81729836311852,70.04999175702615,205.1705110951144,37.013949501328206,0.3667334009947435,0.9108313236003749,0.39416776705626055,0.9371609219287798,0.029200963976088384,0.04362930737692091,0.03646208256392601,0.09124910018465776,0.1603705674313793,0.18113674063409596,0.06608556852680668,0.06359738349347438,0.25033645269318644,0.07793183311946418,val,rottenoranges
data/processed/val/fresh/freshapples_bb62e4aaa349.png,50632.0,987.9137791395187,0.6519238369971803,0.24624582924580307,0.9615253142922253,0.8172778925619835,-0.773501462510418,-4.556845583273201,-3.3047165002095573,-4.9059427211127575,-9.332113501130992,-7.188002048973961,9.066738179558769,190.47643782588088,73.32743996469472,126.9299257386633,67.71703277184494,98.73615500079002,60.89068652086862,9.532686838363091,11.301424228354017,110.30233844209195,68.58637998363697,190.48277768999841,73.32938394648413,0.47687386107375085,0.9425282511531287,0.3877483648202549,0.9562605238563084,0.007406383314899668,0.014457260230684152,0.011534207615737084,0.12543450782114077,0.3141689050402907,0.27356217411913414,0.06517617317111708,0.02767024806446516,0.1382327381892874,0.022357402433243797,val,freshapples
data/processed/val/rotten/rottenapples_782f4cdee409.png,25610.0,688.2985504865646,0.6793064411591277,0.6143784096173738,0.9399544887322909,0.7749334301621883,-0.7792986213931957,-2.8252438407947875,-4.062294015681316,-5.576284075237308,-10.565564826478019,-7.235670933623167,-10.501399850043542,180.2877391643889,47.711078369943344,114.4438110113237,50.28722253082832,94.8022647403358,47.169054123165324,35.1031628270207,60.6296750352285,125.159351815697,41.16641054897724,180.29566575556424,47.70576109342825,0.9754549178281526,0.9055760543815337,0.357962985172456,0.878289402489197,0.016165560327996875,0.03768059351815697,0.029441624365482234,0.12100741897696213,0.3818820773135494,0.2227254978524014,0.07051932838734869,0.03853963295587661,0.034244435767278404,0.04779383053494728,val,rottenapples
data/processed/val/rotten/rottenapples_baa09d9a7c73.png,32925.0,729.8965294361115,0.7766280109680702,0.46022245852946203,0.9659107577668906,0.7670533967011463,-0.7869201454569735,-3.4267989499410447,-3.714602447694515,-5.64441384042086,10.921022536159791,7.928309777442351,10.326602035116206,240.72683371298405,20.21523151465333,198.60246013667427,45.93462774246087,143.68121488230827,47.57909612631977,18.953895216400912,15.118231098733343,104.95744874715263,44.76666286813295,240.7314806378132,20.215616042463207,0.7621810604670644,0.9550862963578145,0.4436380712129323,0.9468848586968015,0.016492027334851937,0.038542141230068334,0.021776765375854216,0.12097190584662111,0.24525436598329536,0.2249050873196659,0.08574031890660593,0.0690053151100987,0.10858010630220197,0.06873196659073652,val,rottenapples
data/processed/val/rotten/rottenbanana_c79d67624bb1.png,18669.0,763.3523732423782,0.40260651598085784,0.8782455175640806,0.6534934192103052,0.4197922288181328,-0.4999590070131375,-1.4043352254723034,-1.8940392264541002,-2.6289854550105387,5.721978292916199,3.8265068418206223,-4.895268158964447,113.67164818683379,49.51072366306338,103.228132197761,49.17035367132683,100.63592050993626,49.21311518360299,71.73426535968719,73.51041830926255,38.204028067920085,24.152039371236935,114.30269430606889,49.5294308740791,0.7935959935791224,0.9051770301363431,0.5889847313889058,0.8665435663036168,0.04692270609031014,0.07081257699930366,0.05656435802667524,0.12148481439820022,0.25780705983180674,0.14521399110825434,0.07670469762708233,0.06899137607799025,0.06036745406824147,0.09513096577213563,val,rottenbanana
data/processed/val/rotten/rottenoranges_46c1c6e92255.png,61210.0,1240.0903998613358,0.5001791137054755,0.3847198795281256,0.933990478515625,0.933990478515625,-0.7623862632287879,-3.719471574686649,-4.192496496293096,-5.196436190947976,9.979596523662131,7.0964122434866,-10.11445860069289,159.37918640744977,91.05650172743776,97.6322169580134,65.96822596219181,79.79941186080706,63.24495380643757,21.87240646953112,39.847745990890424,117.27255350432935,78.86593837484637,163.59928116320862,86.64279284987028,0.41417732895287285,0.9231430604834675,0.38312158335769303,0.9535770579792427,0.011681097859826826,0.023394870119261557,0.026319228884169252,0.1124326090508087,0.3362032347655612,0.17711158307466102,0.05422316614932201,0.026972716876327397,0.1947884332625388,0.03687305995752328,val,rottenoranges
data/processed/val/fresh/freshoranges_477ac136ea4b.png,43286.0,817.7543947696686,0.8134138175884695,0.6249548686916675,0.9766696750902527,0.7706523287281014,-0.7761960003513744,-2.782342324221862,-3.7094321439401488,-5.098579211282834,-9.764606726817458,-6.996102165261103,-9.577071148124684,223.5046666358638,20.291404187285618,149.36720879730166,37.75911089374265,92.09825347687475,61.0641972481071,20.96908931294183,37.4298211754459,148.90347918495587,71.81004102979509,223.50492075959895,20.291368833117506,0.5036419817004276,0.943724818854057,0.4251963190008873,0.9454846709144199,0.02356420089636372,0.051194381555237256,0.042184540036039365,0.11655038580603429,0.2216652035300097,0.23377073418657301,0.09538880931479,0.055075544055814815,0.06838238691493785,0.09222381370419998,val,freshoranges
data/processed/val/fresh/freshapples_45c164bf0d5a.png,40790.0,1015.4945089817047,0.497059536495976,0.6562334508299756,0.8847580417760232,0.7081597222222222,-0.7525255086491945,-2.6282614217255222,-3.237510993997126,-4.60679543162701,-8.633044698095677,-6.764579845882296,8.738040804025907,163.33066928168668,57.274462530599976,177.34118656533465,59.0992758885876,97.40159352782544,54.44932744795242,32.182520225545474,15.020014543744228,110.37467516548173,54.47421301213238,177.43564599166461,59.10185393689142,0.6352963767632958,0.9451278017090039,0.44658517481057314,0.951647539718661,0.02078940916891395,0.034175042902672224,0.029468006864427555,0.14150527089973033,0.25177739642069136,0.17631772493258152,0.08215248835498896,0.05923020348124541,0.1464574650649669,0.05812699190978181,val,freshapples
data/processed/val/rotten/rottenoranges_6a29211644d4.png,39476.0,1039.7127641439438,0.4588980930505193,0.6716665167424103,0.9064523536165328,0.771015625,-0.7441738001119726,-2.5597594267260457,-3.1141021241311115,-4.183221793880811,-7.861148844288356,-5.468009703986618,8.281252753892275,175.66607559023203,86.78541982583928,151.98163441078123,88.99851475649842,133.94064748201438,92.28895925094328,18.824450298915796,22.916416829738136,61.66088256155639,71.99478764916704,177.42831087242882,86.4165372930206,0.7293380246147526,0.9257494691426176,0.4529116293877465,0.9576267459401484,0.015756408957341168,0.036300537035160604,0.03265275103860574,0.11148545951970817,0.22560543114803933,0.1795774647887324,0.06429222818927956,0.04871314216232648,0.22616273178640187,0.0594538453744047,val,rottenoranges
data/processed/val/fresh/freshoranges_00a9c8db567d.png,46357.0,816.3401806354523,0.8741437170360078,0.5631937670589043,0.9922940257293918,0.8087686241669284,-0.7865927617883405,-3.0226257675995214,-4.0216613159886245,-5.720833183831042,-10.690373768887783,-7.503506590475715,-10.752652186048568,217.48463015294345,25.135437992827967,148.40222620100525,33.06781490319601,79.79621200681666,52.72088466736254,16.069525637983475,17.36749776506681,160.1747308928533,64.05897259666051,217.50630972668637,25.10192326147444,0.453262991670626,0.9476119243681251,0.4531518140052506,0.9423046863757334,0.024074034126453394,0.05082296093362383,0.04064111137476541,0.12731626291606446,0.23683586081929375,0.20790819078024894,0.09698643139115991,0.06022822874646763,0.06842548050995535,0.08676143840196734,val,freshoranges
data/processed/val/fresh/freshapples_662bed67268f.png,44362.0,1167.5117530822754,0.40897659902886746,0.40186741456920383,0.8940887195920753,0.7469356142241379,-0.7649153798937737,-3.642428074368079,-3.649344638385978,-4.666157410651788,8.918438942838556,-6.7457997711016,9.048908057096716,182.49136648482937,39.007065696857644,107.22828096118299,73.69344505926827,94.27512285289211,75.0753037230337,5.6986610161850235,15.142679622332238,135.0431675758532,74.61491061765068,183.0332942608539,38.9665381645911,0.765134502269176,0.9184729050035887,0.3981167287894667,0.9245592014543643,0.01562147784139579,0.03282088273747802,0.024976331094179703,0.11949416166989767,0.2874532257337361,0.22663540868310716,0.07202109913890266,0.04848744420900771,0.1254226590325053,0.04706730985978991,val,freshapples
data/processed/val/fresh/freshapples_184a132d28a6.png,42687.0,1014.0802949666977,0.5216278978988791,0.5948367045671948,0.8932577216037499,0.7444022042410714,-0.7608457511509757,-2.8570494597704092,-3.3531019757281024,-4.368511262737943,-8.233408410239884,-5.812344683568795,-9.089440333845786,125.05099913322557,49.42978767167865,47.90425656523063,53.710727637707365,37.71403471782978,53.29535514013508,17.575936467777076,45.06212036333392,194.24775692833884,61.772947244984486,126.57542108838757,48.68427100513513,0.6634212825981185,0.928476279236389,0.5091125038289557,0.8541624371884307,0.01759317825098976,0.03544404619673437,0.016726403823178016,0.10251364584065406,0.21657647527350246,0.23241267833298193,0.06751470002576897,0.07212968819546935,0.1894722046524703,0.04961697940825076,val,freshapples
data/processed/val/fresh/freshapples_ab7526b1dedc.png,39732.0,880.4406853914261,0.6440952322460094,0.7072048632481526,0.9386472631056723,0.69287109375,-0.7511661246371752,-2.4562534831109715,-3.2680395262459476,-5.063082135617079,9.435548060950685,6.340096390131978,9.332757706639914,146.20643310178193,53.0050650244356,74.94075304540421,60.827943187499585,69.75015101177893,52.0217602009721,133.16334440753045,73.55745839314956,141.78722440350347,62.57199240267407,149.5537853619249,53.119721135370234,0.5473139354342512,0.9443475475695908,0.4504902652981865,0.9149080714061526,0.01890164099466425,0.03085674015906574,0.0200845665961945,0.11351052048726468,0.24909392932648747,0.19629014396456257,0.05899526829759388,0.06463304137722742,0.19986408939897313,0.04777005939796637,val,freshapples
data/processed/val/fresh/freshbanana_e5f99d3d0fb9.png,32452.0,809.8204109668732,0.6218331834817662,0.6789684795221183,0.8577243293246993,0.545228494623656,-0.7295300699077962,-2.506139945260017,-2.8038246005105125,-4.112966234809477,7.637170689714525,5.385154874589633,7.862585371228641,223.01796499445334,26.670083849937672,192.40327252557623,31.31805906747364,101.82626648588685,44.12651868773613,22.1215333415506,7.511695701160722,140.07210649574756,44.78428695045349,223.01904351041537,26.6700871455597,0.643880497023581,0.9391006510929062,0.5240884861155162,0.9593584809255746,0.024189572291384197,0.03743991125354369,0.016794034265992852,0.10578700850486873,0.26799580919511895,0.2298471588808086,0.06369407124368298,0.06501910513989893,0.1140145445581166,0.07521878466658449,val,freshbanana
data/processed/val/rotten/rottenbanana_955178de402c.png,14303.0,730.1391708850861,0.3371519734073182,0.9448987508471678,0.5805967119951289,0.333597667638484,-0.3582614763081379,-0.9034076093924556,-1.60099817787995,-2.298063665019078,-4.922339227885288,3.52427542021955,-4.257529443231688,70.66720268475144,39.00515626496194,60.68482136614696,38.514793277074766,51.88806544081661,38.47841646129021,14.538418513598545,9.93474703761751,73.10046843319583,28.256105725882616,70.67006921624834,39.00728581002831,0.6818349236598937,0.9540042646437888,0.6957314834228301,0.6554036717560905,0.036356009228833114,0.05544291407397049,0.03111235405159757,0.10333496469272181,0.24323568482136615,0.18247920016779698,0.05851919177794868,0.0699154023631406,0.1386422428861078,0.08096203593651681,val,rottenbanana
data/processed/test/fresh/freshbanana_33c2cc8af65d.png,19007.0,1031.844794869423,0.22433378469236456,0.855029362752364,0.506677685069176,0.2958011703187251,-0.4293870388562743,-1.3377217240377146,-1.7219198410742156,-2.322784958856804,4.614414309802283,3.3310270561918824,-4.419314063575034,237.04356289787972,22.986576461558776,206.3892776345557,21.039694381415796,112.37307307833956,37.06052883936616,25.329825853632872,19.052559327463914,133.41642552743727,42.63021022219739,237.3902246540748,22.080424633214257,0.6240368519010102,0.9701926382167326,0.7227923481666352,0.9583714435643687,0.023885936760141002,0.03935392223917504,0.006155626874309465,0.1054874519913716,0.19808491608354817,0.2038196453938023,0.04245804177408323,0.09464933971694639,0.2274425211764087,0.05866259799021413,test,freshbanana
data/processed/test/fresh/freshoranges_51beacbe4570.png,44165.0,1020.5655760765076,0.5328515924509983,0.6145985337845074,0.9152609110125586,0.7436186691810345,-0.7717367933828643,-2.80935305419164,-3.623882150617138,-5.000268948768002,-9.363971429514393,-6.570474564768137,9.643963849794519,198.7967168572399,62.97250795510462,130.47705196422507,43.040972371267564,67.17844446960262,41.638891383552725,18.122653685044718,13.780896627323594,170.38976565153402,40.61281410622592,201.52681987999546,56.86505592892594,0.7070448922253003,0.93309422953149,0.4414167820125674,0.9222810871439802,0.025382089890184534,0.04938299558473905,0.03939771312124986,0.12557454998301823,0.25223593343145023,0.22660477753877506,0.08891656288916563,0.05001698177289709,0.059051284954149214,0.08343711083437111,test,freshoranges
data/processed/test/fresh/freshbanana_4d055a6753e9.png,15355.0,702.7594465017319,0.3907025993298952,0.9670081055883036,0.7219427335558795,0.4136584051724138,-0.3758449215597398,-0.8645832253187918,-2.021850103737425,-2.80534858216865,-6.280806651915946,3.949752050843103,-5.220587210353997,235.03848909150113,8.33564942372821,200.56724194073593,13.653084960126252,82.51468577010746,23.859257679862544,23.204884402474764,1.1636364270150892,165.8151090849886,23.825620285846757,235.03848909150113,8.33564942372821,0.591705141184425,0.9765300043488572,0.6428719250042566,0.9624995232887326,0.017258222077499184,0.04187561055030935,0.003842396613480951,0.0972972972972973,0.11351351351351352,0.2474763920547053,0.04428524910452621,0.0986649299902312,0.27352653858677956,0.06225985021165744,test,freshbanana
data/processed/test/fresh/freshbanana_bb0ac16c0e17.png,39398.0,805.3107434511185,0.7634086103845666,0.5020797209067256,0.9706331608770633,0.8180647840531562,-0.7865348767847162,-3.2550201235082064,-4.362040930047333,-5.8902013504020605,-11.4103275507183,-8.332961863379673,10.991907691493418,223.90537590740647,37.385762590372025,201.22841260977714,39.86792230437319,100.84004264175846,44.71739325899125,24.32532108228844,11.357033783003146,140.8346362759531,45.789743231323875,223.90857403929132,37.37671943042488,0.8267732302618704,0.9263644391209377,0.4753938556319395,0.9290055758095026,0.008909081679273059,0.026879537032336667,0.009695923650946748,0.09584242854967258,0.2720188842073202,0.30328950708157776,0.05708411594497183,0.05873394588557795,0.125970861465049,0.041575714503274276,test,freshbanana
data/processed/test/fresh/freshapples_7c6090dc6375.png,28208.0,757.6122580766678,0.6175728188546996,0.22868736505668655,0.9228252690810351,0.7735636912107501,-0.7902586000611538,-4.722593555092681,-4.1506815753445245,-6.860217974242103,11.970853280263,-9.282156221185362,-11.846117267691461,138.90080828133864,39.9235143590774,61.705438173567785,46.06249972997027,54.45575723199092,47.60230079393083,9.460153148043108,33.0080652905498,164.32387975042542,50.92069543212527,138.90240357345434,39.92765025110423,0.9007518914602647,0.9032841304236674,0.4386029468107493,0.7976977319148906,0.033749290981281904,0.05328275666477595,0.04158394781622235,0.12911230856494613,0.22954480998298354,0.17608479863868406,0.09238513896766874,0.06962563811684629,0.08742200794100964,0.0872093023255814,test,freshapples
data/processed/test/fresh/freshoranges_a62881a9217f.png,49443.0,1542.7737264633179,0.26104189274010453,0.5869896651652748,0.8151781445270638,0.7544403076171875,-0.7405910712374324,-2.844488855868487,-3.802487955570832,-4.658804608861761,8.967742437116108,-6.552483217305821,9.147404980207124,172.87990210949982,89.87141279800329,132.99722913253646,65.89308709150943,70.85874643528912,52.33683847184755,18.63062516433064,12.860913365662391,126.42711809558482,72.92327848521596,175.90249378071718,87.77666923991588,0.8196805662634583,0.9247201787550301,0.4314950494032992,0.9301627106508017,0.024472625042978785,0.047893533968408064,0.03658758570475092,0.10017596019659002,0.24229921323544285,0.15844507817082296,0.07562243391379973,0.04815646299779544,0.19092692595514027,0.07542018081427097,test,freshoranges
data/processed/test/fresh/freshbanana_e878b87c9ac9.png,17513.0,822.6000673770905,0.3252317456686402,0.9417609565353194,0.6193810786914236,0.35262967139175255,-0.3872223007093391,-0.9717395507591814,-1.6369749923247292,-2.527783433045683,4.722641277440041,3.151623042266433,-4.806821865614281,221.91960258093988,35.448021900159276,180.54570890195853,36.88001696355209,77.47204933477988,36.62529976830526,21.14132358819163,6.707787783928342,165.28909952606634,39.603994817136844,221.92205789984584,35.45013508096649,0.5629316461936897,0.9696574979872827,0.6675420983860112,0.9575205742744377,0.013589904642265746,0.03277565237252327,0.00531034088962485,0.08901958545080797,0.3062296579683664,0.24450408268143664,0.050876491748986466,0.06903443156512305,0.15091646205675785,0.03774339062410781,test,freshbanana
data/processed/test/fresh/freshapples_693f0d759bf7.png,33847.0,728.6416965723038,0.8011281738096646,0.45117959489629117,0.9746594868546088,0.806092071733073,-0.7884345692478966,-3.468295307092329,-4.039527622816216,-6.108007025591752,-11.422336865387274,-8.279037167662569,-11.15719251685786,196.5429432446007,28.573391805934243,212.03382869973706,22.292687899059626,120.4093420391763,61.94479961330834,35.261943451413714,2.3115127610963557,114.45374774721542,60.644568445364754,212.04077170798,22.275755586278233,0.7248298023184061,0.956385954615236,0.46876232670713774,0.9356892396993589,0.007977073300440216,0.019942683251100542,0.005140780571394806,0.08881141607823441,0.1515643927083641,0.2754453865926079,0.062073448163795904,0.07064141578278725,0.28714509409992023,0.031258309451354625,test,freshapples
data/processed/test/fresh/freshbanana_b4f3000234ba.png,65536.0,1020.0,0.7915702273958504,0.0,1.0,1.0,-0.7781578772394873,-12.0,-12.0,-12.0,-12.0,-12.0,-12.0,124.87828063964844,83.23253478588984,120.2603759765625,76.96431023402705,96.29649353027344,70.7550266848959,41.42848205566406,37.44149179117253,62.50160217285156,60.60486560482671,133.72605895996094,86.54780350834152,0.18229690440386537,0.9531495296021715,0.4712358659840508,0.9810984534207272,0.0062713623046875,0.0204620361328125,0.0106964111328125,0.0906829833984375,0.2342681884765625,0.1566619873046875,0.042877197265625,0.0542144775390625,0.3484344482421875,0.035430908203125,test,freshbanana
data/processed/test/fresh/freshapples_b07c64c77312.png,41792.0,796.1980440616608,0.8284395165529206,0.6030066649568686,0.9838967887748375,0.7732958330249426,-0.7791042312204194,-2.8646899106231403,-3.6287169253369758,-5.333842875287742,-10.010927699983139,-7.343789620111212,-9.921537091821985,215.22480379019908,32.242712803274884,150.3624377871363,58.03620111784082,121.26062404287902,60.97540512942764,11.85281872128637,11.939346387072476,113.25957120980092,66.35085329843814,215.24736791730476,32.25782396400856,0.626507365107595,0.9334650884602368,0.36305127649012114,0.9439418540760225,0.008087672281776417,0.022923047473200613,0.017228177641653904,0.12772779479326188,0.35499617151607965,0.28684915773353753,0.07197549770290965,0.03787806278713629,0.042783307810107196,0.029551110260336907,test,freshapples
data/processed/test/fresh/freshapples_342ecf96964a.png,35817.0,735.9970344305038,0.8308965239082343,0.27791285973219704,0.9768983198778093,0.7754443698716145,-0.7898019993104736,-4.37182158009035,-3.5737974352480193,-7.0141641891708755,11.85524138947267,9.425488197111305,-11.888636012563369,164.94443979116062,31.74612656343687,79.527012312589,46.412580752517165,82.98073540497529,51.82623454305821,102.82226317111986,85.95928319536083,140.91504034397073,51.858601297289,164.98280146299243,31.825101287200436,0.6788041457308114,0.9178468410865104,0.3920684306857163,0.8765094048163184,0.0243459809587626,0.0387246279699584,0.022475360862160426,0.11352151213111092,0.25750342016360944,0.22391601753357343,0.07636038752547673,0.06491330932238881,0.11586676717759722,0.06237261635536198,test,freshapples
data/processed/test/fresh/freshbanana_1f23fe7a1676.png,21201.0,805.8792862892151,0.41022887287569565,0.7738888870227599,0.640184799347767,0.48426222019186843,-0.5920722943163786,-1.9223659280490508,-2.1757861687829863,-2.8718929091448406,5.559788893311475,3.8907746619508434,-5.533500824039872,219.7164756379416,39.30653105489697,188.65921418801,37.466874083355826,118.81265034668176,56.161846519163724,28.4486109145795,34.77215267766805,114.00268855242678,67.88868454539818,219.88094901183908,39.15353698319918,0.7798631327371348,0.9461351014069482,0.5662147699212579,0.9516006573146174,0.020753738031224944,0.03565869534455922,0.012169237300127353,0.10023112117352954,0.3686146879864157,0.2245648790151408,0.05433705957266167,0.05131833404084713,0.07457195415310598,0.057780293382387625,test,freshbanana
data/processed/test/fresh/freshbanana_50bd232ceb2a.png,17952.0,787.3523758649826,0.36390198029083715,0.9411832407476503,0.6472921324006634,0.34544334975369456,-0.41310918225687493,-1.0254277464658397,-1.7396032035561666,-2.3518470576147803,-4.6619861601548624,-3.3745273449581523,-4.473760687728077,236.62778520499108,16.642722652474756,195.64332664884137,23.70338001130091,78.1129679144385,31.35455495054702,22.22638146167558,3.705679760246724,170.99097593582889,32.421845335049106,236.62889928698752,16.643477172428206,0.5669569124443887,0.9713129384365041,0.67812232402894,0.9600594289372226,0.017769607843137254,0.034202317290552585,0.005013368983957219,0.10756461675579322,0.25044563279857396,0.2435940285204991,0.061887254901960786,0.08411319073083778,0.1491198752228164,0.046290106951871655,test,freshbanana
data/processed/test/fresh/freshapples_071698311084.png,46273.0,1071.5950145721436,0.5063795423960967,0.45558182377758505,0.9221586719544033,0.7893183679039302,-0.7648941046499217,-3.402414427721452,-3.1155767615260586,-4.596191692098907,8.646515985809724,6.393403032724207,-8.565781040736145,153.58405549672597,63.906259235270625,171.22823244656712,67.27863370762708,88.98820046247272,54.9989557049737,32.81550796360729,12.33863317894,112.95111620167268,58.60117500482183,171.25539731592937,67.26243822212557,0.6504158293007329,0.9488623878492711,0.44295738271304097,0.9466333160216891,0.01208047889698096,0.025824995137553215,0.013658072742203877,0.10913491669007845,0.2622695740496618,0.20858816156289844,0.07293670174831976,0.05612344131567004,0.19843105050461393,0.040952607352019534,test,freshapples
data/processed/test/fresh/freshbanana_1fe850b565a6.png,32544.0,891.87928378582,0.5141249051762774,0.500415205019867,0.7752817018843653,0.5296875,-0.7055232587813799,-3.0995944342233996,-2.562124059676637,-3.647517460871894,6.757346385423188,5.264913953247536,-7.573252804331875,223.57337758112095,28.190712741174828,194.0322947394297,30.250268704684803,103.69465953785644,53.90617783560829,22.730825958702066,5.480355200450883,137.8804080629302,56.14505137703942,223.6690634218289,27.924810491060565,0.6153267590393652,0.9552773897806779,0.5393185270975708,0.9618508522438601,0.012782694198623401,0.032048918387413965,0.006852261553588987,0.09264380530973451,0.252427482792527,0.2583271878072763,0.05782940019665683,0.06289945919370699,0.1743178466076696,0.04987094395280236,test,freshbanana
data/processed/test/fresh/freshbanana_b1490dd5c752.png,15983.0,659.923879981041,0.4611906303150052,0.9586120057334139,0.9918704232344545,0.6571957236842105,-0.46733472089705796,-1.0758000117756221,-2.154128134098499,-2.4978291350885455,-4.824012099909965,-3.037315211648974,-6.337089322183552,2.2839892385659764,19.59931477791499,2.2839892385659764,19.59931477791499,2.2839892385659764,19.59931477791499,0.0,0.0,0.0,0.0,2.2839892385659764,19.59931477791499,0.3584216209517158,0.9842962332858012,0.9818289058777974,0.13500782627830163,0.0041293874741913286,0.007820809610210849,0.0,6.256647688168679e-05,0.0013138960145154227,0.003628855659137834,0.0,0.0,0.9789776637677532,0.004066820997309642,test,freshbanana
data/processed/test/fresh/freshoranges_abfe957f599c.png,45969.0,1668.2123265266418,0.20757367219953027,0.6793259058782031,0.8424631173829378,0.7014312744140625,-0.7099835179976834,-2.4658585407846947,-2.868027344154712,-5.731547118179709,-10.026724071704937,-7.205428352292609,-11.669300594045195,185.67493310709392,80.79537602484507,143.81444016619895,59.15122992632682,78.17274685113881,55.5781216677118,20.335486958602537,14.10047921561724,134.40425069068286,68.30433730685513,189.71298048684983,77.72044294181947,0.8424619887783547,0.9305299601637133,0.44261831859535844,0.9301108880985838,0.020992407927081295,0.047358002131871475,0.025995779764623986,0.09815310317822881,0.2594792142530836,0.18068698470708522,0.07389762666144575,0.05477604472579347,0.16535056233548695,0.07331027431529943,test,freshoranges
data/processed/test/fresh/freshapples_e577849d6262.png,36281.0,800.5828222036362,0.711338931301836,0.4495850408923173,0.9431965891956533,0.7509417560127499,-0.7885571810517713,-3.4753851122491013,-4.016981179058425,-6.235881215349126,11.814955152067192,-8.344851540927612,-11.274959086653539,174.459799895262,29.450168283988134,201.05479452054794,27.32465317655283,98.5190595628566,41.13165702902299,38.009950111628676,1.9402005746534186,132.0267081943717,41.37754512852948,201.09870179984014,27.232567497909287,0.6565135519296199,0.9458369216419666,0.44239062137296603,0.9421446974933319,0.016427331109947357,0.03555580055676525,0.012403186240732063,0.09996968110030044,0.21275598798269066,0.26416030429150245,0.07665169096772416,0.06835533750447893,0.15702433780766792,0.056696342438190786,test,freshapples
data/processed/test/fresh/freshapples_7feb2504ef86.png,37246.0,818.3818103075027,0.6988396973287911,0.4690527942783234,0.9436534076513808,0.7071846282372598,-0.7846129414799011,-3.3851738411121164,-3.5750316573600425,-5.455012466179817,-9.966290510473687,-7.170103231131308,11.306706532184254,191.9172260108468,31.66466089006665,119.93671803683617,38.357872287702385,93.64057885410514,35.3096988514288,11.147452075390646,17.415777333933818,135.5669602104924,36.780911245180754,197.4972882994147,22.03196875360835,0.6641388790227842,0.9224782534311884,0.46783656049018024,0.9077747993092646,0.03584277506309402,0.059603715835257476,0.05074370402190839,0.1329807227621758,0.22415829887773184,0.16925307415561403,0.09646673468291897,0.06690651345110885,0.0690006980615368,0.09504376308865381,test,freshapples
data/processed/test/fresh/freshbanana_444f74a01c97.png,62975.0,1314.5756816864014,0.45793817830555106,0.2652038522702638,0.9609222412109375,0.9609222412109375,-0.7619612451671994,-4.400567868843976,-5.2360254253290535,-5.226225342340552,10.55478255552045,7.4540179723113145,-10.633709509074219,184.57016276300118,95.79958202626493,175.17381500595474,92.06663977749324,143.22872568479556,89.64653234330763,16.280825724493848,14.212086395569276,46.52646288209607,57.978238193352986,184.60819372766971,95.81302011984616,0.45076224926715613,0.9623330336404513,0.5244563377387412,0.9709295394846826,0.004096863834855101,0.012179436284239778,0.002318380309646685,0.0704247717348154,0.15614132592298532,0.14331083763398175,0.02407304485907106,0.05317983326716951,0.5144898769352918,0.019785629217943627,test,freshbanana
data/processed/test/fresh/freshapples_705839bc61ab.png,33409.0,750.3401808738708,0.7456876205552077,0.37627747522940325,0.9632673067497045,0.806863739554654,-0.7900530659956745,-3.816358770547773,-3.785249530549992,-6.622489257131359,-11.611222334025829,-8.600721414607227,-11.86691620159741,209.39528270825227,28.73333177706283,90.56739202011434,51.807341314835824,74.0571402915382,47.39553116071693,19.70744410188871,49.40137580063503,169.08877847286658,48.25478598202746,209.39528270825227,28.73333177706283,0.7102663282912725,0.9112534237982952,0.38362397906908785,0.8894258820823775,0.025561974318297466,0.04423957616211201,0.046753868718010114,0.15391062288604868,0.26657487503367355,0.1842617258822473,0.0857852674429046,0.05803825316531473,0.06803555928043342,0.06683827711095812,test,freshapples
data/processed/test/fresh/freshapples_0554134c2c59.png,41602.0,962.8082164525986,0.5639550605202334,0.5776511483518043,0.9142693888315057,0.7757514731110614,-0.7759632863190422,-2.9487803793714322,-3.7575322951590913,-5.478912988090912,-10.16626043872538,-7.141692633606292,-10.353193222351528,166.00692274409883,38.330736660919776,177.05329070717755,34.78628041198529,102.45904043074852,45.94200864022499,34.59804817076102,2.945829865789034,113.03007066967935,40.00748312941555,177.10900918225084,34.72382078212421,0.7061920615985404,0.9335758875998017,0.4122347342735202,0.9271885085299028,0.022090284120955723,0.04660833613768569,0.034854093553194555,0.13203692130186048,0.25385798759675016,0.21390798519301957,0.09571655208884189,0.06170376424210375,0.07052545550694678,0.06869862025864142,test,freshapples
data/processed/test/fresh/freshoranges_75c58e161983.png,43453.0,1282.447826385498,0.3320092762597584,0.568869278731366,0.8358114216468868,0.6630401611328125,-0.7430006670343631,-2.9147003648106833,-3.3285240825645044,-4.488959878918693,8.55737998743275,5.951328253356432,-8.539130293062174,182.5213449013877,79.88332219525365,119.56803903067683,62.366887884578205,66.49382090994868,51.432430497997125,16.363104963984075,14.508873843212983,145.38763721722322,73.6087417098942,189.29790808459714,75.66645728556593,0.6514424610109357,0.9464259005283004,0.48316346707368396,0.9349362922410895,0.021034220882332637,0.0405725726647182,0.02710975076519458,0.1031229144132741,0.2516972360941707,0.18139138839665847,0.07831450072492117,0.05191816445354751,0.17533887188456493,0.06950037972061768,test,freshoranges
data/processed/test/fresh/freshbanana_65c6980ff236.png,65536.0,1020.0,0.7915702273958504,0.0,1.0,1.0,-0.7781578772394873,-12.0,-12.0,-12.0,-12.0,-12.0,-12.0,241.1959686279297,15.832938718681826,206.78688049316406,22.243708498056037,87.32415771484375,16.50078955108241,23.326644897460938,1.648921140729764,163.29168701171875,13.79257220687011,241.1959686279297,15.832938718681826,0.0322510471158125,0.9844741787825018,0.821117999605987,0.9501969148077474,0.001007080078125,0.006439208984375,0.001373291015625,0.0534515380859375,0.1221466064453125,0.2277069091796875,0.027679443359375,0.0373077392578125,0.51220703125,0.01068115234375,test,freshbanana
data/processed/test/fresh/freshbanana_bdc2e2602ec2.png,44976.0,1458.6072070598602,0.265652545726625,0.5589845263527321,0.8651560035394145,0.8096198156682027,-0.7505711336461877,-2.9660493694967554,-3.9619937352446954,-4.676408818960553,9.268462232587773,6.191806476484471,-9.067520026163624,179.92255869797225,90.62461610364207,168.25215670579865,79.224216096506,85.50953842049093,60.98536820350249,23.232146033440056,15.342955614261403,118.2841293134116,69.38073389016034,187.11028103877624,87.16128207004236,0.8282148883993017,0.9197299394593728,0.44290810853637597,0.9444647845475885,0.013118107435076486,0.03217271433653504,0.013073639274279616,0.08295535396655994,0.2803495197438634,0.18747776591960155,0.046291355389541086,0.052161152614727854,0.24879935965848451,0.04360103166133049,test,freshbanana
data/processed/test/fresh/freshoranges_c494b09f479d.png,59792.0,1358.4751768112183,0.40714539815653855,0.3135385270702608,0.9315281910667269,0.912353515625,-0.7739846357871415,-4.12108669683307,-4.550268144773437,-5.690287398034698,-11.18087363168729,-7.9090611317474835,10.8118824280359,191.0545223441263,93.11253178464489,141.13837971635002,72.92244018602342,91.10944607974311,73.70666088528525,13.197518062617073,13.296779444123763,114.32925809472839,79.00220602359724,193.92903732940863,90.76116869490723,0.5746849300737887,0.9204722151927054,0.41401509374004136,0.9480707176162206,0.022912764249397914,0.04580880385335831,0.040808134867540806,0.09528030505753278,0.15152528766390153,0.14246052983676746,0.07432432432432433,0.045624832753545626,0.30371956114530374,0.07753545624832754,test,freshoranges
data/processed/test/fresh/freshbanana_4b775220dcde.png,29403.0,748.0802968740463,0.660244930462338,0.6336947404190402,0.9461033528541091,0.703421052631579,-0.7711584188796169,-2.7421842016033144,-3.410546416896422,-4.989318584969051,9.478887583296126,6.591196750575245,9.254407579439105,224.67690371730777,29.70560617065618,189.99207563854029,40.93279404492766,126.31523994150257,59.76698710017118,19.50144543073836,7.68402697834964,115.2376628235214,58.33804351155486,224.67911437608407,29.706795051217227,0.7931611495598042,0.95216016682685,0.4277199821079516,0.9464861106857013,0.007550249974492398,0.020848212767404686,0.004047206067408088,0.12661973268033874,0.2454171343060232,0.27718260041492365,0.06689793558480427,0.053327891711730094,0.16838417848518858,0.02972485800768629,test,freshbanana
data/processed/test/fresh/freshoranges_454e17610c76.png,43048.0,977.0924866199493,0.5666194725751421,0.31343449764352793,0.9140479021572957,0.7035826359832636,-0.7841496656328738,-4.142023022859087,-4.127423359806231,-5.474011224710124,-10.795383232788149,7.768795660873287,-10.284377207421716,219.7708604348634,46.22309856854699,144.65577959487084,36.92176673593215,71.21325032521835,42.92520776070195,16.208581118751162,8.09248102665895,171.18365545437652,48.4283976739187,221.18019420182122,42.51747381569724,0.6808573554386625,0.9193594405125121,0.4262907743406267,0.9317375169768984,0.029130273183423157,0.05754041999628322,0.04269652480951496,0.1205630923620145,0.222844266864895,0.22296041627950194,0.09038747444712879,0.05326612153874744,0.05960787957628694,0.10100353094220405,test,freshoranges
data/processed/test/fresh/freshoranges_8bd231b213a1.png,45235.0,1037.3767590522766,0.528215852238829,0.4140848451220147,0.8915584287600765,0.7011873759920635,-0.7798255287782672,-3.6154996678214033,-3.904685546921619,-5.961267033671539,-11.58866688868603,7.93923269800831,10.864574336663926,214.5670387973914,40.64421747513706,165.75304520835635,32.09026324953439,84.60492981098707,52.44298787171524,21.122095722338898,12.398216234036148,157.0081795070189,54.60785713294206,219.16286061677906,34.453098055787045,0.6262501199621846,0.9474417269781785,0.4797202250332213,0.9440341120836657,0.01764120702995468,0.04067646733723886,0.024074278766441914,0.11683430971592793,0.25856084890018793,0.22838510003316018,0.08533215430529457,0.06289377694263291,0.09673925058030286,0.06886260638885819,test,freshoranges
data/processed/test/fresh/freshapples_3b9c6148c4d1.png,31751.0,943.8376562595367,0.447891345991028,0.5776925926997027,0.865810427574171,0.7488090184425263,-0.7675856257746521,-2.931875466960567,-3.575065109522924,-4.6772968306011435,-8.81178774586508,-6.164704649746251,-9.50770027666024,157.87871248149665,42.6537255322279,179.87940537305911,42.91757686460974,87.78854209316242,47.23072119484864,37.92998645711946,10.692991331555774,136.28503039274352,41.564002031089345,180.14752291266416,42.286191368984426,0.8131472710648361,0.9398383381264628,0.39134489738886735,0.9236914089309601,0.01105476992850619,0.021133192655349436,0.008346193820667066,0.08566659317816762,0.3088406664357028,0.34279235299675603,0.054612453151081854,0.04421907971402476,0.09939844414349154,0.023936253976252715,test,freshapples
data/processed/test/fresh/freshoranges_5858efb3b570.png,57436.0,1142.700571656227,0.5527505222313066,0.5327069742933424,0.9580650542118432,0.87640380859375,-0.7649405998521913,-3.0930752456838735,-3.331479759507018,-5.475626522953784,9.937185665766469,-7.216020513235261,-10.175732051300312,223.36426631381016,21.12352483410258,167.18596350720802,49.82529103558209,120.88463681314855,76.84109261025144,16.65149035448151,24.4032357187746,119.8601225712097,81.37102462802024,223.4581621282819,21.200511072780696,0.37663094670560343,0.9520897307923621,0.38889947494920474,0.9568463505490818,0.015425865310954802,0.036719130858694896,0.03066021310676231,0.11273417368897555,0.18094923044780278,0.2165192562156139,0.07594540009749982,0.05393829653875618,0.21113935510829446,0.0659690786266453,test,freshoranges
data/processed/test/fresh/freshapples_c235cd2c91a4.png,32195.0,777.1686069965363,0.6698349357140744,0.2643638504586242,0.9297657897016779,0.7441521819526628,-0.7899961387573615,-4.462348901225907,-4.088969184366005,-7.972066370895157,11.99576809956198,-10.838455621324131,-11.999260149117458,179.02310917844386,36.10906018681155,86.85165398353782,62.816294057947154,78.28669047988818,64.41920719181628,27.133467929802766,60.16851355096615,153.43419785681007,65.89710959208126,179.11464513123155,36.10657717367701,0.7352478833900864,0.9293663485154248,0.4491786730105539,0.9056275027797585,0.013387171921105761,0.031775120360304394,0.018325826991768907,0.11011026556918777,0.32713154216493245,0.24805093958689237,0.06721540611896257,0.04656002484857897,0.08945488429880416,0.04798881813946265,test,freshapples
data/processed/test/fresh/freshapples_9fb334a84d67.png,39511.0,768.1391689777374,0.8414882634949972,0.39562446791702277,0.9836681853262629,0.787840721022512,-0.7951680395877136,-3.732480967601964,-4.511404297108368,-7.154356510035526,-11.95997677026205,-9.020306601779396,11.984701147707659,238.35040874693124,16.455673416507828,167.88350079724634,39.9549994756302,107.2429956214725,45.999420080525645,13.94388904355749,3.9713439191727304,141.52066513122926,46.27846376087506,238.35040874693124,16.455673416507828,0.7081880839127743,0.9322375358124115,0.4350387112373142,0.9328190493792687,0.011642327453114323,0.0292829844853332,0.018577105109969374,0.11692946268127863,0.39133405886968187,0.2397813267191415,0.07003113057123332,0.03943205689554807,0.03781225481511478,0.04517729239958493,test,freshapples
data/processed/test/fresh/freshbanana_ac9e7af8e467.png,32442.0,856.3645657300949,0.5559043930528256,0.4898877783810444,0.8174671168674091,0.6160887234608227,-0.7340339745398065,-3.1987117820926767,-2.757855499755903,-4.008868536884074,8.293743872074174,-5.916703731600889,7.395663226990214,206.29615929967326,28.526276097809756,177.13214351766229,31.82075423558417,72.36317119782997,28.69122617515107,23.42990567782504,3.576586424973077,166.9728746686394,27.284267172095547,206.3075026200604,28.518929452025883,0.6790334978151954,0.944883522409923,0.5231506770352644,0.9452341916563736,0.016213550335984216,0.035632821650946306,0.011035077985327662,0.09783613833918994,0.2592318599346526,0.26169779914925095,0.06257320757043339,0.06503914678503175,0.13451698415634056,0.056223414092842615,test,freshbanana
data/processed/test/fresh/freshbanana_842c6462c6c1.png,36219.0,836.6244517564774,0.6502572642366211,0.4325152773118818,0.886959715929962,0.7000734498221741,-0.761005932420814,-3.4947683821357463,-3.1341267426310697,-4.4456273486536375,8.808516727240395,-6.502354919060825,-8.25150173449125,226.7335376459869,30.369803262684254,189.21897346696485,34.830514734339,98.17452165990227,42.63483226923625,20.920373284740055,4.166846479633449,145.5077997735995,43.68803087467335,226.73610535906568,30.3650574285259,0.6966239601995665,0.9334544934903455,0.44433623398181704,0.9505248970330509,0.01496452138380408,0.032910903117148456,0.009884314862365058,0.10580082277257793,0.3458681907286231,0.22609680002208785,0.059195449901985144,0.06110052734752478,0.09677241226980314,0.04740605759408045,test,freshbanana
data/processed/test/fresh/freshoranges_968eb632ff5c.png,35935.0,803.452879190445,0.6995305574279022,0.4195733630132313,0.9489542621738671,0.7173513794067153,-0.790781658848665,-3.612361439900447,-4.315463927569825,-5.97949258581693,-11.092141799001713,-7.843957166439498,-11.476085555521005,225.2230416028941,26.765181409802054,154.96749686934743,36.93069560165209,91.98296925003478,42.27988648717862,18.909336301655767,26.8513818201939,151.66342006400444,43.627268827890504,225.24547098928622,26.760501463554004,0.710784398338005,0.9310031176415149,0.43608137228571564,0.9344840597954325,0.021928481981355226,0.046584110198970366,0.02894114373173786,0.11579240294977042,0.23642688187004313,0.25173229442048145,0.08832614442743843,0.058160567691665506,0.0760818143870878,0.07602615834144984,test,freshoranges
data/processed/test/fresh/freshoranges_af6c6336df0d.png,50212.0,1077.7960245609283,0.5431805736745721,0.4115403530579911,0.9318017332566296,0.76617431640625,-0.7545800526302732,-3.576713703849185,-2.9733836020787328,-4.704100344096789,-8.628275445115635,6.722650498372939,-8.786076451059877,192.74089858997849,82.92495677633804,141.89150003983113,64.5195954597068,76.51248705488727,61.0050588595375,16.42912052895722,12.033200391152757,135.99609655062534,74.68219893618846,193.29783717039751,82.1961004757772,0.5206656357220932,0.93446780339026,0.4871478487729348,0.9575730362887664,0.01704771767704931,0.03445391539870947,0.029972914841073846,0.11644626782442444,0.24251175017924,0.19790090018322312,0.0724727156854935,0.041145542898112,0.1845973074165538,0.06345096789612045,test,freshoranges
data/processed/test/fresh/freshbanana_37165fd5a7f6.png,18209.0,819.8965334892273,0.34039083598797676,0.8559159327268765,0.596879404726784,0.3664372534814457,-0.5053512551746643,-1.4868108979805408,-1.7385577336668794,-2.3609017920463375,-4.916568625987095,3.626409900803441,-4.4328605198009425,236.77549563402712,15.03022423371592,197.0836399582624,20.41094319302433,99.00724916250206,36.936032177454855,21.417705530232304,3.7059302525246283,149.14619144379154,36.56853982924902,236.77862595419847,15.032629020366189,0.6449526501520171,0.9673609962423326,0.6638264737554926,0.9573563275793375,0.015431929265747707,0.032895820747981766,0.004942610796858696,0.0735899829754517,0.16447910373990884,0.26053050689219615,0.05376462189027404,0.06073919490361909,0.288593552638805,0.04503267614915701,test,freshbanana
data/processed/test/fresh/freshbanana_c90c44fe7c86.png,41050.0,1450.8326009511948,0.24506901983565532,0.695332922524895,0.7109825588444152,0.626373291015625,-0.6485926797211107,-2.2901059632460714,-2.6382263661052936,-3.2127107904314047,-6.14949059506781,-4.727235487717706,6.785418657227378,182.5973934226553,97.05209534694305,156.95897685749085,85.62981468165222,81.96587088915956,58.9716770071866,19.011790499390987,19.20926383636767,110.93773447015835,72.81167452824525,182.59802679658952,97.05212809290562,0.648003091532926,0.9526393599114207,0.5587001788569264,0.9622783460608919,0.014031668696711328,0.025505481120584653,0.007356881851400731,0.08876979293544458,0.2597563946406821,0.18065773447015834,0.04426309378806334,0.049890377588306944,0.29115712545676004,0.03861144945188794,test,freshbanana
data/processed/test/fresh/freshbanana_621ede5bd91e.png,36405.0,909.9209136962891,0.5525398499316326,0.36888217914829324,0.8303113239822101,0.6145755959213991,-0.744931280790218,-3.7631691637296365,-3.0483185183938,-4.1738438871428025,7.805249632316559,6.205094148328356,8.309004026165972,227.6627935723115,33.19108190426234,187.86397472874606,38.56391388331394,104.31718170580965,45.56323539051351,19.579920340612553,4.935314922264632,138.61085015794535,48.305703116251905,227.66391979123748,33.19179801595994,0.6317711258153689,0.9427478737363771,0.49846107040864407,0.9588871612500096,0.015107814860596072,0.031753879961543746,0.012333470677104793,0.10391429748660898,0.3288009888751545,0.23439088037357506,0.051668726823238566,0.061090509545392115,0.11083642356819118,0.050103007828594975,test,freshbanana
data/processed/test/rotten/rottenbanana_79314f4625ff.png,41295.0,947.8548990488052,0.5775952542774322,0.4354847113278026,0.8929420922890628,0.809277441354577,-0.7746465196744918,-3.508927950878922,-4.534067374640291,-5.022080320254453,-9.85125238053187,6.874018735877373,10.1223005297635,171.3490010897203,77.80446837800122,167.33435040561812,81.51842241763786,154.3157767284175,85.77786722497606,25.781620050853615,8.686133078007435,41.0904467853251,46.465199103425455,171.62557210316018,78.0024340736609,0.8235290114892648,0.9143866474471989,0.474726117329227,0.9532276289397179,0.00983169875287565,0.02283569439399443,0.01811357307180046,0.08228599104007749,0.22779997578399322,0.21133309117326554,0.03528272187916213,0.04315292408281874,0.31616418452597167,0.033200145296040685,test,rottenbanana
data/processed/test/rotten/rottenbanana_98c0e135d904.png,19995.0,671.1686075925827,0.5577865042274083,0.8689957315178559,0.7921949286846276,0.6033130167159495,-0.6085184349997579,-1.6511978455141856,-2.4286821001711463,-3.3513033695072343,6.336241261901234,4.227742382106589,6.466679456378568,98.24526131532883,53.92048976715333,75.43400850212554,46.85873471366535,52.96679169792448,37.282572269535606,15.255213803450863,10.98665139272434,114.2997249312328,43.18535841254139,98.26156539134784,53.904557562247156,1.0583241588569163,0.8622387594070764,0.48006221126108556,0.7697580156921574,0.037159289822455616,0.06121530382595649,0.05421355338834709,0.13928482120530133,0.23975993998499626,0.1735933983495874,0.08217054263565891,0.06296574143535884,0.06466616654163541,0.08497124281070267,test,rottenbanana
data/processed/test/rotten/rottenbanana_a673573cdc5f.png,21462.0,889.2762539386749,0.3410410551186954,0.7354520404065886,0.6940016168148747,0.4167054986020503,-0.6510936765774702,-2.164146168496533,-2.5078314423363453,-3.192822642965242,-6.0712513007288145,-4.573666836664528,-6.501055430478422,77.22220669089553,60.31003337448047,72.62636287391669,58.571918921422316,63.99827602273786,57.10589433046521,23.574503774112383,16.62744201043332,49.40592675426335,36.42454575694385,77.44921256173703,60.180255334504956,0.8535833397310516,0.926800935027996,0.6679703882018029,0.8082781451678408,0.0287950796757059,0.044590438915292144,0.02693132047339484,0.11532010064299693,0.32653061224489793,0.19387755102040816,0.06224955735718945,0.05260460348522971,0.08852856210977542,0.060572174075109494,test,rottenbanana
data/processed/test/rotten/rottenbanana_4177a1671cf6.png,65536.0,1020.0,0.7915702273958504,0.0,1.0,1.0,-0.7781578772394873,-12.0,-12.0,-12.0,-12.0,-12.0,-12.0,50.808929443359375,59.09483570117455,46.714447021484375,54.990003497382595,46.884185791015625,54.352823716485574,36.19940185546875,59.93210959802433,23.9581298828125,30.19136281281203,51.96998596191406,59.07338843838842,0.14875128417967268,0.9553234077657937,0.5919950972414049,0.9706771848533535,0.004669189453125,0.0349273681640625,0.010894775390625,0.0410614013671875,0.1873321533203125,0.116912841796875,0.028076171875,0.0415191650390625,0.4947967529296875,0.0398101806640625,test,rottenbanana
data/processed/test/rotten/rottenbanana_973a510e9d82.png,65536.0,1020.0,0.7915702273958504,0.0,1.0,1.0,-0.7781578772394873,-12.0,-12.0,-12.0,-12.0,-12.0,-12.0,111.27932739257812,72.67498505013205,105.97663879394531,69.82550023230549,88.35177612304688,62.21780704765747,21.96124267578125,18.610969555915823,45.88011169433594,47.46630805484061,111.70022583007812,72.69009257150215,0.49773233260503036,0.8312350914889163,0.3330554903512123,0.9395583981898669,0.030853271484375,0.053192138671875,0.0601043701171875,0.1183624267578125,0.1787872314453125,0.123931884765625,0.068023681640625,0.0513916015625,0.245330810546875,0.0700225830078125,test,rottenbanana
data/processed/test/rotten/rottenoranges_4f6f792a06e8.png,63629.0,1283.6883796453476,0.4852278752974556,0.2461937452494114,0.9709014892578125,0.9709014892578125,-0.7690446282014259,-4.548310875222316,-5.42726268281933,-5.606439309012197,11.079285402420389,7.8832971590610335,11.566750762569209,171.94818400414906,83.23151721134666,143.6653255591004,77.09467878557362,122.856920586525,79.85015192079548,34.25221204167911,52.008994349724595,63.09718838894215,63.933248974929846,172.56651841141618,83.48221787179189,0.5385542968773651,0.889143395940521,0.3603362210652833,0.9521118649580651,0.024249948922661052,0.03716858665074101,0.04284210030017759,0.12510019016486193,0.17558031715098463,0.14256078203334957,0.06171714155495136,0.05472347514498106,0.2775149695893382,0.058542488487953605,test,rottenoranges
data/processed/test/rotten/rottenoranges_8365a9ea0d22.png,32036.0,673.9970351457596,0.8862008796526694,0.39059928831326574,0.989437272221879,0.7702627972397874,-0.7960298395870827,-3.7582709020510157,-4.775038770237492,-7.481151332531455,-11.989778350024343,-9.377142237199472,-11.997351182068767,228.62229991259832,20.60039765933525,156.17561493320014,26.96263420181851,90.83122112623299,48.11591061627584,15.497658883755776,3.804199303286768,149.95336496441504,61.456509479060514,228.62229991259832,20.60039765933525,0.7676348562532715,0.9118465065430839,0.46287127357802366,0.9141175151851408,0.034117867399175925,0.058246972156324135,0.04420027469097266,0.13029092271194906,0.19556124360094893,0.17876763640903984,0.10094893245099264,0.0718566612560869,0.08724559870146086,0.09876389062304906,test,rottenoranges
data/processed/test/rotten/rottenoranges_de876d7eebe9.png,46501.0,900.1980457305908,0.721100878943823,0.4697572246394467,0.9600701971714669,0.8274788241155954,-0.7833583634820429,-3.379734952819167,-4.092086133528376,-5.729610359585716,-10.707683631255659,-8.184363912177904,-10.843811494536927,188.8195307627793,72.38070267035111,142.88832498225844,63.262321074629774,104.6068471645771,66.87015354963238,12.249112922302746,5.978564816219083,103.81847702199953,69.5226608626528,188.8195307627793,72.38070267035111,0.6371871117963734,0.9078052330360948,0.37730068059648747,0.9433802462682781,0.036364809358938516,0.05911700823638201,0.053934323993032406,0.11444915163114772,0.1956517064149158,0.14240553966581365,0.08158964323347885,0.05866540504505279,0.16552332207909506,0.09229909034214318,test,rottenoranges
data/processed/test/rotten/rottenbanana_817d8b51c5cd.png,32892.0,765.4528783559799,0.7054451055705018,0.7766396088440052,0.9271358908588663,0.6633457698900878,-0.7394263800189299,-2.2082622949044888,-3.8453229537351423,-4.996719590735953,-10.516618037888959,-6.733342602801987,-9.417894684838496,116.26191779156026,62.514549097840316,97.11866107260124,63.1242594811452,82.83233004986015,62.583563084598644,21.241760914508088,37.96862904873228,83.89201021524991,58.44473728815519,116.32655356925696,62.548082316623066,0.827330194565876,0.8912217302689894,0.4222338731763513,0.9005539149310761,0.02806153471968868,0.050437796424662534,0.04000972880943694,0.12255259637601848,0.36291499452754467,0.1681563906116989,0.0629028335157485,0.04925209777453484,0.04578620941262313,0.06992581782804329,test,rottenbanana
data/processed/test/rotten/rottenapples_aeb8a763108e.png,51843.0,1366.1808009147644,0.34904677782210713,0.6425082880563604,0.8635462646789372,0.7910614013671875,-0.7542177544745271,-2.678174632797855,-4.432983862482825,-4.61832613218638,-9.196183696214796,-6.072571772298786,9.47529750440186,185.96823100515016,99.43421048265249,130.131994676234,79.20719776543221,77.42821595972455,52.63738335638347,11.493721428158093,8.808326266782535,117.24732365025172,70.46650633634853,185.96825029415737,99.43418847122841,0.6184206453117858,0.9357041616316413,0.4607323828112858,0.9550024421511539,0.016762147252280923,0.035684663310379415,0.03146037073471828,0.10296472040584072,0.24932970699998072,0.15141870647917752,0.06631560673572132,0.04127847539687132,0.2502555793453311,0.054530023339698704,test,rottenapples
data/processed/test/rotten/rottenapples_b5b16521129d.png,39679.0,773.2518697977066,0.8339281320888893,0.157444658916658,0.9770986727080204,0.7437209476683161,-0.7954652769864934,-5.3936457867789365,-4.690172667641101,-6.773917747854194,-11.90520170857069,9.597840346178492,-11.922856666680348,198.74487764308577,29.917785308719715,115.9265606492099,34.95503731046729,91.78870435242824,37.814205310591106,8.364273293177751,13.367358647848386,137.56127926611055,41.741713466840444,198.75039693540663,29.922162659514377,0.6711802912022691,0.913021112969427,0.43880908654890094,0.9034427750705782,0.03298974268504751,0.05426044003125079,0.05184102421936037,0.1354368809697825,0.27135260465233496,0.17838151163083746,0.08591446357015045,0.054487260263615514,0.05244587817233297,0.08289019380528743,test,rottenapples
data/processed/test/rotten/rottenbanana_a7d57af57615.png,15071.0,693.5289986133575,0.39375191942843596,0.9635414954994406,0.7149430740037951,0.48653796487603307,-0.4029586634802735,-0.9304911468428392,-2.178464719284476,-3.0605020195597383,5.910071285929479,3.6373382069369065,-5.772395287244174,104.26056665118439,48.58592642952129,94.29261495587552,48.43079878671892,89.74805918651715,49.12247289469957,74.59810231570566,73.24501965753869,46.094685156923894,31.2265017584147,104.37714816535068,48.62884876261421,0.936517218165505,0.9050660502562382,0.5405366180979934,0.8303149364589929,0.04631411319753168,0.08499767765908035,0.05009621126667109,0.10609780372901599,0.25366598102315707,0.13124543825890783,0.07258974188839493,0.08380333090040475,0.06641895030190433,0.10477075177493199,test,rottenbanana
data/processed/test/rotten/rottenbanana_2a37628b901a.png,65536.0,1020.0,0.7915702273958504,0.0,1.0,1.0,-0.7781578772394873,-12.0,-12.0,-12.0,-12.0,-12.0,-12.0,131.41693115234375,56.30350425384527,118.51010131835938,49.24075545293842,102.45091247558594,43.01255758437934,21.808395385742188,15.263751234821902,55.2904052734375,20.925069554744848,131.68899536132812,56.190501451401396,0.23039371610129886,0.897920176784785,0.36799547302157587,0.9557577991557413,0.0121612548828125,0.0380401611328125,0.0343475341796875,0.1227264404296875,0.3336944580078125,0.2318572998046875,0.0655975341796875,0.052093505859375,0.062255859375,0.0472259521484375,test,rottenbanana
data/processed/test/rotten/rottenapples_4556f9daf244.png,65343.0,1065.254832983017,0.7236055801206182,0.08700207829570636,0.9970550537109375,0.9970550537109375,-0.7777744737016665,-6.3961957803946365,-6.776749107630386,-8.752210333790226,11.999988040303975,-11.943781635439054,-11.999994403366221,139.30243484382413,76.12220045304451,142.37595457814916,76.73943919879655,97.76718240668473,84.32681752265236,38.08011569716726,38.951719128869044,83.01290115238052,73.64571801672786,143.53505348698408,77.00188676968067,0.3554857476573403,0.9245771473814015,0.36335401783637616,0.9659373573886049,0.005616515923664356,0.015456896683653949,0.01274811379948885,0.10414275438838132,0.31978941891250784,0.16191481872580077,0.0396522963439083,0.040861301134015884,0.2720260777742069,0.027791806314371854,test,rottenapples
data/processed/test/rotten/rottenoranges_e86682fc816c.png,55257.0,949.6467490196228,0.7699685651435949,0.4108835477678818,0.986749763388632,0.8919324638429752,-0.7841345162100368,-3.638853586205785,-3.7159692615137043,-5.373348489053308,9.914830602560896,7.225776118042105,-11.205580740496865,206.5689414915757,33.76719178150792,170.56579256926724,39.820296211761466,129.56222741010188,63.48516279714851,21.623305644533723,16.8145223861472,95.76240114374649,70.08939758822665,209.175326203015,30.20971736941511,0.4341831330390314,0.9069447542054234,0.41453726478974334,0.9403426756135043,0.033606601878495033,0.05597480862153211,0.0471976401179941,0.13004687188953437,0.21159310132652875,0.17932569629187253,0.09169878929366415,0.06770182963244475,0.0808223392511356,0.1020323216967986,test,rottenoranges
data/processed/test/rotten/rottenbanana_15f40d1e120b.png,20015.0,671.5117547512054,0.5577739402689227,0.8687819686774578,0.7904193981518047,0.6065886774154443,-0.6091076679979874,-1.6530628449852824,-2.430354418463421,-3.3541029895256167,6.341454642057284,4.232295745028674,6.471391204816082,98.24666500124906,54.12473506203312,75.33939545340995,47.12628257620267,52.79910067449413,37.70158487469781,15.369123157631776,11.72039760910375,114.76752435673245,43.09405111625484,98.26290282288284,54.10929927532105,1.021022560569739,0.8685721491995015,0.4824669502699187,0.778638473556396,0.03297526854858856,0.05715713215088684,0.05081189108168873,0.14354234324256807,0.25585810642018486,0.1825630776917312,0.07984011991006745,0.06140394703972021,0.06185360979265551,0.07399450412190857,test,rottenbanana
data/processed/test/rotten/rottenoranges_2ded1632e8ef.png,51600.0,1767.6122595071793,0.20753223138770074,0.3533458501834806,0.8019146489292264,0.787353515625,-0.7201576688000023,-3.7935858587783056,-4.871693376584677,-4.074802300835791,9.543510987569189,-6.305350416253965,-8.550109110869645,183.1762596899225,101.83771440844528,122.25474806201551,69.88396173158564,58.22071705426357,43.18463722794823,11.910445736434108,7.160119376886406,134.42606589147286,79.58370756940698,183.20897286821705,101.83093810021639,0.7876821492296837,0.950521059259544,0.5846640645636714,0.9353409132164351,0.012984496124031008,0.03381782945736434,0.026434108527131784,0.10412790697674419,0.20405038759689922,0.166531007751938,0.07096899224806201,0.04310077519379845,0.278062015503876,0.05992248062015504,test,rottenoranges
data/processed/test/rotten/rottenbanana_30b5bbdd5fa3.png,36593.0,1357.7787798643112,0.24943066564648242,0.558805851091446,0.7330475370099562,0.6556945240825688,-0.6598626224502413,-2.7852905042827105,-3.268326988480348,-3.4190269758734173,6.764323426688124,4.823103375503422,7.82683828678149,133.70685650260978,77.34065294510184,103.87626048697838,65.47214731755876,81.4662640395704,55.09935491360081,20.069876752384335,36.9709309355718,81.60705599431586,54.86208984035966,134.48848140354713,77.89889149796318,0.896330227437971,0.8872978703438634,0.4873188692311865,0.902740936889739,0.027327630967671414,0.051731205421801985,0.039406443855382174,0.10693301997649823,0.264968709862542,0.12065149072226929,0.051594567266963626,0.04566447134697893,0.22698330281747875,0.06473915776241358,test,rottenbanana
data/processed/test/rotten/rottenoranges_d95e3ff7ea24.png,44985.0,904.6244517564774,0.6907818910867142,0.28407637694300064,0.9526481861883485,0.7845308685036624,-0.7918315110587012,-4.33620853462964,-3.9862204250404676,-6.470707958812453,-11.550221800974855,8.820569542163858,11.736685674070639,206.46691119261976,36.36857895990981,156.9238412804268,40.61804537788049,112.20858063799044,58.172333285250936,27.440168945203958,39.06709123175558,114.20291208180505,70.62347531451573,206.95434033566744,36.32030460070068,0.5650990609027686,0.9438950288281696,0.41793619197512144,0.9417276315859486,0.0217405801933978,0.04334778259419807,0.03485606313215516,0.118972990996999,0.2865177281315994,0.21573857952650882,0.08542847615871957,0.053039902189618765,0.06586639991108147,0.07449149716572191,test,rottenoranges
data/processed/test/rotten/rottenbanana_ce7633067530.png,15534.0,699.4356362819672,0.3990227460753698,0.932503867591256,0.6738677771993753,0.35883575883575886,-0.4737302534829482,-1.1753503118863102,-2.006121129629124,-2.905808586599334,5.373366502978776,3.521887156121916,6.003820035663183,118.2768121539848,54.27306495149077,94.4698081627398,56.735170541867916,79.41573323033346,57.69322312915245,11.72685721642848,10.62961910491239,92.79058838676451,47.50778282144561,118.28775589030514,54.296411288581076,0.7293657521849941,0.9390159623637471,0.6525194998474307,0.8654565066358172,0.03141496073129908,0.04235869705162869,0.027745590318012103,0.11214110982361272,0.37607827990215015,0.17838290202137247,0.060190549761812796,0.04673619157976053,0.05954680056649929,0.0654049182438522,test,rottenbanana
data/processed/test/rotten/rottenbanana_ec9dbe0f951e.png,11028.0,644.9259680509567,0.3331861137852124,0.9506740486993978,0.6544807121661721,0.29447263017356473,-0.40330317447218905,-0.9742743276509834,-1.6617547395994035,-2.152420476779375,-4.143765306362428,-2.96931936509227,-4.30584974623984,129.23784911135292,34.36602505487454,98.59793253536452,38.42149648531413,79.10990206746463,41.596761960667806,12.014417845484221,8.7824981117727,105.20955749002539,36.14327962944383,129.23784911135292,34.36602505487454,0.7011229337535589,0.9329546933550438,0.7081638447676242,0.8291682543559582,0.051686615886833515,0.06991294885745375,0.049873050417120056,0.12033006891548785,0.26342038447587957,0.1508886470801596,0.07299601015596663,0.06356546971345665,0.054225607544432355,0.10310119695321002,test,rottenbanana
data/processed/test/rotten/rottenoranges_6b5773853c64.png,65536.0,1020.0,0.7915702273958504,0.0,1.0,1.0,-0.7781578772394873,-12.0,-12.0,-12.0,-12.0,-12.0,-12.0,153.3275146484375,95.18179115612071,105.35130310058594,81.29635930921063,85.37338256835938,78.89189722195441,37.550628662109375,64.05111608248615,93.72648620605469,82.35460786834281,153.3275604248047,95.18171829708541,0.17270566537452847,0.9376614360855953,0.32617718566916576,0.9856724704843822,0.0204620361328125,0.0397796630859375,0.0404815673828125,0.12030029296875,0.200653076171875,0.1627349853515625,0.079437255859375,0.0525360107421875,0.21319580078125,0.0704193115234375,test,rottenoranges
data/processed/test/rotten/rottenapples_6b774109faed.png,42927.0,883.0681029558182,0.6917545213059125,0.3377651334796742,0.9590268313934005,0.8187175770521818,-0.7861351518675925,-4.008855131082221,-4.294648671044422,-5.313782092686483,-10.13488138363374,-7.3265196277515745,10.600595440741403,153.39462343047498,66.32910165072487,103.68276376173503,57.62951776228526,78.62154355067906,50.471442847614846,9.478416847205722,11.028173284235235,116.90809979733035,54.44128686664247,153.39835068837795,66.33385072303854,0.7039308913332973,0.8950955652710094,0.35229024229547967,0.9117403371618891,0.02660330328231649,0.04551913713979547,0.04586856756819717,0.12681995014792555,0.28925850863093155,0.1584550515992266,0.06455144780674167,0.04868730635730426,0.12994152864164746,0.06429519882591377,test,rottenapples
data/processed/test/rotten/rottenapples_5d691dd464b8.png,34524.0,755.6955219507217,0.759691512798823,0.38696642998692965,0.9537543510691199,0.7264692885550155,-0.7927571894225675,-3.7692853163470352,-4.2427847907399565,-6.115035569057368,11.35363606661523,8.159630072523477,11.323253527888902,198.26312130691693,35.94389939261899,132.91434943807207,37.26808398277511,67.56114586954003,31.166952409879176,14.74629243424864,2.6908594502343703,170.2035974973931,29.207709795017887,198.26312130691693,35.94389939261899,0.8529391980205641,0.8735977574454405,0.3806062640572037,0.8972737573433448,0.024794345962229174,0.04599698760282702,0.04585216081566446,0.14882400648824007,0.34196500984822154,0.18665276329509906,0.07389062681033484,0.041681149345382924,0.031195689954814042,0.059147259877186886,test,rottenapples
data/processed/test/rotten/rottenapples_8a5b49245986.png,51092.0,1324.0802956819534,0.366213307944924,0.5185951566098803,0.8999348281753651,0.77960205078125,-0.749559639271324,-3.1164292248598153,-3.538572570851612,-5.9934351188802495,-10.735426357192708,-7.921027635911487,11.792457858073925,157.61941204102405,71.70860219861767,117.56173177796916,64.20217449903804,78.0019768261176,65.14843256054765,12.965395756674235,5.851239211247885,116.59647302904564,74.9778838819127,157.620703828388,71.70916475774806,0.6121176408682247,0.9340105073474856,0.44232919248083447,0.9381510539244844,0.013642057464965161,0.024817975416895014,0.02434823455726924,0.11520394582322085,0.29593674156423705,0.1970954356846473,0.06539184216707117,0.035171846864479765,0.1846864479761998,0.04370547248101464,test,rottenapples
data/processed/test/rotten/rottenoranges_fab02cec5446.png,44756.0,894.8254611492157,0.7023999360787064,0.5981809040116338,0.9713095186423022,0.7770273789475511,-0.7764348405843735,-2.8763808106742283,-3.522748861372581,-4.966602053573791,-9.339627064768187,-6.735546661624582,-9.384253769230689,185.3784297077487,69.29755751613234,171.7901957279471,62.22321210327911,141.3714362320136,57.787453530975874,22.623402448833676,11.865019970772689,56.551836625256946,37.97527628797715,186.98076235588525,68.69201491800183,0.6761292572980395,0.9016369778205244,0.3834699482369034,0.9513488459773736,0.026543927071230673,0.04265349897220484,0.05174725176512646,0.14485208687103404,0.26262400571990346,0.17354097774600052,0.07795602824202341,0.04227366163195996,0.11328090088479757,0.06452766109571902,test,rottenoranges
data/processed/test/rotten/rottenoranges_ffaa2fed94c8.png,43528.0,870.641697883606,0.7216051943014808,0.6247914670422211,0.9598870928617108,0.7716909548629578,-0.773632041996536,-2.7777788748743357,-3.6053742420799426,-4.9209911402959445,-9.310906033321919,-6.468809140580721,-9.359289011155129,181.55826134901673,55.77768063056117,134.8813866936225,56.14140819896597,93.30118544385223,61.68802598232375,14.050266495129572,7.42817723040285,117.01272743980886,73.18799622556983,181.77042363536114,55.703316886127126,0.5813912497201086,0.9314726113205033,0.400675963922936,0.9404680064232902,0.023915640507259694,0.04321356368314648,0.035149788641793786,0.11684433008638118,0.25346903142804633,0.1856735894137107,0.0811201984929241,0.05270170924462415,0.13857746737732035,0.06933468112479324,test,rottenoranges
data/processed/test/rotten/rottenbanana_0a7ec314574d.png,44353.0,1110.9087232351303,0.4516230615193403,0.6186938179580954,0.8721291489696398,0.7511728342789398,-0.7542963279878838,-2.76022666087554,-3.558149711033744,-5.841632041913474,10.580241684711236,-7.524774305462874,10.834009051098848,93.84098031700223,50.92942261891084,75.87811422000766,44.09218096433643,56.16129686830654,30.915693902385136,14.56940905913918,9.523225627508241,97.0410344283363,38.868124135654,93.8460081617929,50.932962492124595,0.7449941900518163,0.8778315206307893,0.4149236687216238,0.8320000707587416,0.044393840326471715,0.06283678668861181,0.05771875634117196,0.13196401596284354,0.2333551281762226,0.15182738484431718,0.08484206254368364,0.06666967285189276,0.06506887921899308,0.10132347304579171,test,rottenbanana
data/processed/test/rotten/rottenoranges_09b730dc90ee.png,60058.0,1162.5340511798859,0.5584308014746479,0.4409469060985813,0.9250508286612039,0.916412353515625,-0.7637243012231665,-3.4631300547755197,-4.272559155099923,-5.236369302797524,10.535225373789466,7.08629418097905,-10.00360013579432,220.3450331346365,29.3056327512148,197.60414932232175,40.694968235331686,179.82318758533418,59.39427609725812,35.15899630357321,43.58950449743881,49.97197708881415,60.83054485434499,221.79962702720704,26.640898364057392,0.4622696428581565,0.9255043391577944,0.43810215966321575,0.9409706782948991,0.013287155749442206,0.031835891971094606,0.025658530087582003,0.10060275067434812,0.18245695827366878,0.22315095407772487,0.05661194178960338,0.05189983016417463,0.27047187718538745,0.04402411002697393,test,rottenoranges
data/processed/test/rotten/rottenbanana_3d00658270fb.png,65536.0,1020.0,0.7915702273958504,0.0,1.0,1.0,-0.7781578772394873,-12.0,-12.0,-12.0,-12.0,-12.0,-12.0,129.6869354248047,86.82049210484017,124.50619506835938,88.27609286350582,115.6138916015625,86.81702500063207,41.34269714355469,45.65412844465121,48.152923583984375,57.20621990715163,131.7467803955078,87.0848955602757,0.7448608710554239,0.7969898165473903,0.302211156876252,0.9465417886447696,0.043487548828125,0.064422607421875,0.0666351318359375,0.117156982421875,0.1620941162109375,0.125244140625,0.072723388671875,0.0613250732421875,0.19293212890625,0.0939788818359375,test,rottenbanana
data/processed/test/rotten/rottenapples_27a427682bab.png,64512.0,1012.0,0.791570034168573,0.17608615077310033,1.0,1.0,-0.7781041289702716,-5.161796034023471,-12.0,-12.0,-12.0,-12.0,-12.0,192.61697048611111,42.1495319558307,149.99263702876985,36.21185465270803,116.37740265376983,31.34738357493155,31.3322017609127,40.70999609426543,99.10553075396825,49.04017784502139,193.81539868551587,40.68240803797862,0.24480013192255795,0.8996922850804547,0.4326018579849125,0.8895063587722905,0.020228794642857144,0.04498387896825397,0.049215649801587304,0.14484126984126985,0.28824094742063494,0.2007843501984127,0.08173673115079365,0.0517578125,0.05166480654761905,0.06654575892857142,test,rottenapples
data/processed/test/rotten/rottenoranges_fc9d7c371326.png,65536.0,1020.0,0.7915702273958504,0.0,1.0,1.0,-0.7781578772394873,-12.0,-12.0,-12.0,-12.0,-12.0,-12.0,152.2013397216797,58.92373879385102,124.8262939453125,46.260762797372216,111.17863464355469,53.64131961562365,55.86187744140625,45.95763498235736,91.64004516601562,71.17055761095095,162.96902465820312,49.36482649593728,0.2630240459110878,0.8875978201259174,0.3827898140259441,0.930657844827341,0.0281829833984375,0.045684814453125,0.046112060546875,0.105865478515625,0.153228759765625,0.2120819091796875,0.0689544677734375,0.05633544921875,0.2125396728515625,0.071014404296875,test,rottenoranges
data/processed/test/rotten/rottenapples_622870b0d0e5.png,42761.0,959.5361386537552,0.5836265561190137,0.5694753423927693,0.9310645154266554,0.7332133058984911,-0.7762215862545476,-2.9789348913541285,-4.03676022446631,-4.736503555524638,-9.174439834591015,-6.256492568361543,-9.457914867584982,205.09634947732746,58.26496608605519,121.10886087790276,53.98168760409298,85.98704426931081,43.98284232932724,20.271883258109025,41.81769153930376,141.62154767194406,53.25724107700162,205.1041837188092,58.25807894082032,0.6899464073271762,0.9205365491525612,0.4091439921662905,0.9272260469512695,0.02696382217441126,0.04356773695657258,0.045695844344145364,0.1409228034891607,0.2791094689085849,0.17964968078389187,0.08259862959238559,0.04847875400481747,0.08411870629779472,0.06889455344823554,test,rottenapples
data/processed/test/rotten/rottenoranges_cd98921c9203.png,65536.0,1020.0,0.7915702273958504,0.0,1.0,1.0,-0.7781578772394873,-12.0,-12.0,-12.0,-12.0,-12.0,-12.0,170.17286682128906,78.18386830845387,159.39218139648438,76.60735314772029,150.71913146972656,80.27468663988307,35.14750671386719,49.42418452599591,29.382003784179688,50.10082874569686,171.91659545898438,77.75871714803984,0.23774441021463205,0.9432962923483692,0.4186318772686053,0.9764739476650933,0.0069427490234375,0.01751708984375,0.0169830322265625,0.1042938232421875,0.174896240234375,0.146148681640625,0.042877197265625,0.0531768798828125,0.4101104736328125,0.0270538330078125,test,rottenoranges
data/processed/test/rotten/rottenbanana_9e90508b143b.png,35356.0,1410.1219259500504,0.2234393494817406,0.6849475335161207,0.6628545717017567,0.53948974609375,-0.5446409100803411,-2.1165161003362276,-2.3797761217918,-3.1895705545204236,5.974295177381041,-5.798854914222945,7.785904584094208,176.04415092205,81.28793179866038,156.2034449598371,81.52940781197877,136.60530037334541,89.33795747715146,62.287136553908816,61.70225031567496,60.57546102500283,68.53014149896717,177.21877474827468,82.1460990004121,0.7535523912136213,0.938269305940323,0.5567822429175451,0.9557436934864553,0.011172078289399253,0.02177848172870234,0.018808688765697478,0.09472225364860279,0.2833748161556737,0.16780744428102726,0.036203190406154544,0.04089829166195271,0.2948014481276163,0.03043330693517366,test,rottenbanana
data/processed/test/rotten/rottenbanana_c04d52db9b27.png,53532.0,1069.0609630346298,0.5885974690715283,0.6013528766912922,0.9572619005042738,0.81683349609375,-0.762652761055475,-2.837614425645621,-3.4177962471689822,-6.391248345795577,-11.221087934456769,-8.252371843794945,-11.766415884862358,182.60744974968244,65.52587481512776,169.46002391093177,75.1238591511616,142.1998804453411,85.19537099000026,24.862642905178213,16.23566853948073,80.80241724575954,84.64578797429297,182.8623253381155,65.68342076782044,0.8044250769171533,0.8786010687548604,0.4057600354096673,0.9473232459805974,0.01589703355002615,0.02916012852125831,0.02861839647313756,0.10453560487185234,0.14667862213255622,0.20569005454681313,0.055200627661959205,0.05536875140103116,0.3166330419188523,0.04221773892251364,test,rottenbanana
data/processed/test/rotten/rottenoranges_92f9d8363d6d.png,65536.0,1020.0,0.7915702273958504,0.0,1.0,1.0,-0.7781578772394873,-12.0,-12.0,-12.0,-12.0,-12.0,-12.0,179.59764099121094,75.15202459325444,150.23681640625,71.22109116292025,129.1914825439453,79.84999747042359,35.56114196777344,47.72207240391065,62.306243896484375,73.18769135984208,180.0069580078125,75.3994591677096,0.2879456643293994,0.9276632204138588,0.38855827610989824,0.9672455429232751,0.019073486328125,0.038818359375,0.0317840576171875,0.086395263671875,0.1490631103515625,0.1680755615234375,0.06207275390625,0.0501556396484375,0.3344573974609375,0.0601043701171875,test,rottenoranges
data/processed/test/rotten/rottenbanana_eb3b8cc8ec06.png,65536.0,1020.0,0.7915702273958504,0.0,1.0,1.0,-0.7781578772394873,-12.0,-12.0,-12.0,-12.0,-12.0,-12.0,29.524627685546875,47.700685010911286,21.906509399414062,36.19493143904974,15.444107055664062,23.719522380211664,16.911758422851562,30.65796981148106,98.61051940917969,66.44342244381805,29.913955688476562,47.89433384969958,0.0826402222918029,0.9657602907172524,0.7973227321579004,0.9655605961281828,0.0118560791015625,0.0381622314453125,0.02325439453125,0.0859832763671875,0.197418212890625,0.1692352294921875,0.0688018798828125,0.0478363037109375,0.2964630126953125,0.0609893798828125,test,rottenbanana
data/processed/test/rotten/rottenapples_91fae047e32f.png,49588.0,983.8721455335617,0.6437379693988258,0.3160782968265115,0.9580926251521533,0.7810609879032258,-0.7686457918594652,-4.095663278696789,-3.0852816552169977,-5.318362689817394,9.55634132803355,-7.370602779638917,-9.915260990113952,184.3469387755102,65.93421989571823,134.07546180527547,64.77027922109393,101.37902315076228,61.61770014206348,36.56808098733565,60.831054079380365,111.47188836008712,60.08502449056504,184.34716060337178,65.93440331004844,0.5009422980979883,0.9514175501482048,0.3799604208439835,0.9555506579544666,0.014680971202710334,0.03375816729853997,0.027163829958861015,0.1199282084375252,0.2539122368314915,0.20089537791401146,0.08149148987658304,0.0528353633943696,0.1559651528595628,0.059369202226345084,test,rottenapples
data/processed/test/rotten/rottenapples_437b3d90c975.png,33209.0,699.6122589111328,0.8526108218282965,0.23009455702267603,0.9831547160873941,0.7716562877590855,-0.7958161901003057,-4.722764081689134,-4.244576808675085,-7.518688589530899,-11.998568278200446,-9.87887275004323,11.98311617794724,198.25712909151133,26.824554569189996,127.31259598301665,27.407002472897126,77.89572103947725,34.024893722302465,12.481676653919118,3.2400850468716316,156.06242283718268,34.88994824567943,198.2571592038303,26.824603112083118,0.6828700448542566,0.930127332539398,0.4796109527335541,0.8957506915591726,0.025324460236682826,0.04565027552771839,0.04251859435695143,0.14514137733746876,0.2891083742358999,0.18193863109398054,0.09027673221114758,0.055195880634767686,0.055225992953717364,0.06961968141166551,test,rottenapples
